timestamp,device_id,packet_size,latency,signal_strength,memory_usage,battery_level,cpu_usage,failed_packets,status
2022-01-01 00:00:00.000000,V-01,493.64,9.05,-48.63,27.63,96.6,14.84,1,0
2022-01-02 00:01:26.486486,V-01,483.99,10.29,-65.14,38.47,84.65,38.15,0,0
2022-01-03 00:02:52.972972,V-01,562.08,10.56,-59.12,46.44,56.83,10.54,1,0
2022-01-04 00:04:19.459459,V-01,451.06,10.68,-55.11,24.28,88.26,27.55,2,0
2022-01-05 00:05:45.945945,V-01,550.26,12.6,-63.95,28.05,96.77,27.72,1,0
2022-01-06 00:07:12.432432,V-01,474.98,9.83,-58.86,32.84,65.23,26.36,2,0
2022-01-07 00:08:38.918918,V-01,533.22,13.3,-63.77,38.69,85.91,22.0,1,0
2022-01-08 00:10:05.405405,V-01,525.65,9.62,-55.03,41.52,71.16,32.87,1,0
2022-01-09 00:11:31.891891,V-01,515.57,9.77,-60.47,29.42,81.7,25.71,0,0
2022-01-10 00:12:58.378378,V-01,485.62,7.53,-54.83,51.47,69.3,22.39,1,0
2022-01-11 00:14:24.864864,V-01,455.71,8.84,-71.74,24.27,95.67,24.42,0,0
2022-01-12 00:15:51.351351,V-01,581.16,11.65,-71.44,58.18,57.01,32.53,2,0
2022-01-13 00:17:17.837837,V-01,405.32,10.51,-60.71,52.43,93.97,12.23,0,0
2022-01-14 00:18:44.324324,V-01,554.54,9.91,-53.53,35.67,51.69,35.35,1,0
2022-01-15 00:20:10.810810,V-01,408.85,7.78,-56.52,40.44,51.32,31.46,0,0
2022-01-16 00:21:37.297297,V-01,508.57,12.32,-56.9,49.67,92.74,12.25,1,0
2022-01-17 00:23:03.783783,V-01,544.74,8.98,-60.1,54.14,85.41,12.45,0,0
2022-01-18 00:24:30.270270,V-01,494.77,10.76,-70.92,49.16,69.18,16.77,2,0
2022-01-19 00:25:56.756756,V-01,428.11,10.27,-62.32,30.97,61.83,36.99,1,0
2022-01-20 00:27:23.243243,V-01,476.49,9.91,-64.41,44.7,74.54,35.14,0,0
2022-01-21 00:28:49.729729,V-01,542.21,11.68,-63.34,20.9,62.82,39.84,2,0
2022-01-22 00:30:16.216216,V-01,375.13,8.24,-61.5,48.54,88.37,21.08,1,0
2022-01-23 00:31:42.702702,V-01,544.39,5.73,-60.61,25.52,88.88,13.43,1,0
2022-01-24 00:33:09.189189,V-01,546.05,12.57,-64.71,53.81,97.65,26.19,1,0
2022-01-25 00:34:35.675675,V-01,510.33,12.26,-62.67,57.48,73.75,27.07,0,0
2022-01-26 00:36:02.162162,V-01,491.09,7.53,-60.61,49.51,71.03,27.04,1,0
2022-01-27 00:37:28.648648,V-01,529.37,8.61,-63.08,32.43,76.48,33.35,2,0
2022-01-28 00:38:55.135135,V-01,500.62,12.06,-66.12,58.39,84.27,32.02,1,0
2022-01-29 00:40:21.621621,V-01,578.11,12.25,-60.11,45.37,63.86,25.72,2,0
2022-01-30 00:41:48.108108,V-01,528.42,11.09,-63.17,43.65,72.53,23.25,2,0
2022-01-31 00:43:14.594594,V-01,518.0,9.59,-63.22,42.43,87.1,32.84,0,0
2022-02-01 00:44:41.081081,V-01,533.43,9.54,-63.11,46.96,57.13,27.84,2,0
2022-02-02 00:46:07.567567,V-01,555.68,6.72,-62.17,21.41,99.41,29.78,2,0
2022-02-03 00:47:34.054054,V-01,513.06,13.64,-60.93,35.39,93.25,21.83,1,0
2022-02-04 00:49:00.540540,V-01,512.07,9.35,-67.38,24.76,82.0,33.38,0,0
2022-02-05 00:50:27.027027,V-01,509.24,10.4,-53.14,34.65,52.04,35.2,1,0
2022-02-06 00:51:53.513513,V-01,478.25,9.84,-55.72,32.29,66.56,18.1,2,0
2022-02-07 00:53:20.000000,V-01,559.11,11.38,-52.75,43.49,78.93,28.59,2,0
2022-02-08 00:54:46.486486,V-01,533.21,7.84,-53.53,33.85,60.03,31.99,1,0
2022-02-09 00:56:12.972972,V-01,432.74,6.27,-64.34,31.46,95.46,23.63,1,0
2022-02-10 00:57:39.459459,V-01,507.48,9.34,-56.42,39.79,69.06,22.29,0,0
2022-02-11 00:59:05.945945,V-01,451.26,6.62,-65.24,32.83,77.67,33.63,0,0
2022-02-12 01:00:32.432432,V-01,480.64,9.32,-64.47,33.92,89.78,23.21,1,0
2022-02-13 01:01:58.918918,V-01,458.48,7.38,-60.12,41.91,99.62,31.76,1,0
2022-02-14 01:03:25.405405,V-01,542.04,8.64,-58.72,21.23,55.38,31.66,2,0
2022-02-15 01:04:51.891891,V-01,552.79,10.75,-59.61,49.54,63.07,15.97,0,0
2022-02-16 01:06:18.378378,V-01,450.22,8.62,-58.89,23.01,93.81,11.95,2,0
2022-02-17 01:07:44.864864,V-01,527.19,8.65,-56.06,22.55,65.2,21.42,0,0
2022-02-18 01:09:11.351351,V-01,617.39,7.54,-62.27,44.92,85.91,19.81,2,0
2022-02-19 01:10:37.837837,V-01,535.55,10.03,-59.01,54.43,72.79,39.66,1,0
2022-02-20 01:12:04.324324,V-01,455.98,13.54,-56.79,42.74,87.46,31.94,0,0
2022-02-21 01:13:30.810810,V-01,574.31,10.2,-58.11,37.0,75.86,20.53,0,0
2022-02-22 01:14:57.297297,V-01,577.97,8.95,-52.81,38.19,74.34,23.31,2,0
2022-02-23 01:16:23.783783,V-01,486.1,10.28,-59.67,33.6,66.19,17.89,0,0
2022-02-24 01:17:50.270270,V-01,483.67,11.59,-62.96,31.77,81.45,15.57,2,0
2022-02-25 01:19:16.756756,V-01,493.03,10.21,-52.13,53.24,75.12,13.0,2,0
2022-02-26 01:20:43.243243,V-01,436.68,13.74,-60.91,57.3,78.8,31.96,0,0
2022-02-27 01:22:09.729729,V-01,549.42,9.86,-57.05,48.4,71.84,16.5,0,0
2022-02-28 01:23:36.216216,V-01,590.76,11.25,-54.64,42.86,83.25,25.92,1,0
2022-03-01 01:25:02.702702,V-01,516.88,8.34,-54.36,31.89,72.84,35.8,0,0
2022-03-02 01:26:29.189189,V-01,483.35,10.34,-59.02,32.43,85.54,30.26,2,0
2022-03-03 01:27:55.675675,V-01,493.04,9.42,-71.04,55.01,78.95,25.18,2,0
2022-03-04 01:29:22.162162,V-01,472.74,4.16,-61.91,26.9,80.88,12.93,0,0
2022-03-05 01:30:48.648648,V-01,472.12,9.3,-55.63,41.41,73.2,15.83,1,0
2022-03-06 01:32:15.135135,V-01,490.88,8.38,-54.98,54.13,91.65,39.04,1,0
2022-03-07 01:33:41.621621,V-01,643.55,10.45,-59.6,55.39,75.55,15.17,1,0
2022-03-08 01:35:08.108108,V-01,543.72,12.75,-63.61,54.25,58.21,15.15,0,0
2022-03-09 01:36:34.594594,V-01,449.76,6.57,-48.23,46.62,81.91,14.33,0,0
2022-03-10 01:38:01.081081,V-01,479.17,10.25,-66.13,27.54,99.63,13.4,0,0
2022-03-11 01:39:27.567567,V-01,564.63,10.77,-53.87,52.19,86.8,23.58,1,0
2022-03-12 01:40:54.054054,V-01,573.97,14.12,-66.25,53.37,70.61,17.83,1,0
2022-03-13 01:42:20.540540,V-01,476.25,10.29,-68.1,48.57,50.94,31.09,1,0
2022-03-14 01:43:47.027027,V-01,600.19,11.97,-56.04,52.39,67.63,30.2,0,0
2022-03-15 01:45:13.513513,V-01,534.65,8.27,-64.39,30.72,54.56,25.05,2,0
2022-03-16 01:46:40.000000,V-01,493.64,12.2,-56.61,38.05,73.54,30.93,1,0
2022-03-17 01:48:06.486486,V-01,395.09,8.33,-60.05,51.86,89.79,35.27,1,0
2022-03-18 01:49:32.972972,V-01,471.54,10.11,-71.88,52.46,67.84,29.17,1,0
2022-03-19 01:50:59.459459,V-01,552.85,10.05,-56.63,32.3,68.98,16.64,2,0
2022-03-20 01:52:25.945945,V-01,489.54,9.25,-57.65,53.24,75.45,13.2,1,0
2022-03-21 01:53:52.432432,V-01,535.76,6.4,-66.32,44.04,63.81,27.32,2,0
2022-03-22 01:55:18.918918,V-01,480.15,9.05,-53.64,34.78,72.15,32.61,0,0
2022-03-23 01:56:45.405405,V-01,637.39,8.64,-58.03,55.44,62.84,37.96,1,0
2022-03-24 01:58:11.891891,V-01,520.43,11.25,-64.45,36.38,94.76,31.37,1,0
2022-03-25 01:59:38.378378,V-01,565.52,9.39,-57.44,38.32,66.36,29.05,1,0
2022-03-26 02:01:04.864864,V-01,464.65,12.54,-67.58,20.58,86.19,21.63,0,0
2022-03-27 02:02:31.351351,V-01,441.61,8.96,-53.66,30.72,68.83,29.48,2,0
2022-03-28 02:03:57.837837,V-01,491.16,9.15,-68.26,22.42,96.27,36.82,1,0
2022-03-29 02:05:24.324324,V-01,527.79,11.07,-50.31,40.85,53.37,36.29,2,0
2022-03-30 02:06:50.810810,V-01,515.97,10.33,-56.92,42.83,56.02,37.24,2,0
2022-03-31 02:08:17.297297,V-01,514.01,9.46,-64.2,27.5,90.86,35.46,0,0
2022-04-01 02:09:43.783783,V-01,477.3,9.79,-55.73,22.01,66.05,27.34,0,0
2022-04-02 02:11:10.270270,V-01,537.07,11.38,-60.51,22.16,92.17,13.6,0,0
2022-04-03 02:12:36.756756,V-01,484.92,10.61,-62.43,38.69,88.07,13.02,0,0
2022-04-04 02:14:03.243243,V-01,479.8,11.32,-60.02,50.31,62.25,12.08,0,0
2022-04-05 02:15:29.729729,V-01,491.63,13.89,-55.64,56.15,76.44,10.99,2,0
2022-04-06 02:16:56.216216,V-01,431.92,7.77,-61.8,40.72,50.16,31.39,0,0
2022-04-07 02:18:22.702702,V-01,546.26,7.95,-51.94,29.53,83.96,39.56,1,0
2022-04-08 02:19:49.189189,V-01,529.03,8.12,-58.21,59.33,58.04,22.49,1,0
2022-04-09 02:21:15.675675,V-01,524.63,8.23,-53.42,22.78,65.88,14.71,0,0
2022-04-10 02:22:42.162162,V-01,482.03,6.72,-64.77,29.29,79.49,17.95,0,0
2022-04-11 02:24:08.648648,V-01,503.78,15.35,-56.22,38.03,92.35,19.08,2,0
2022-04-12 02:25:35.135135,V-01,496.29,13.2,-56.83,59.09,55.68,24.0,2,0
2022-04-13 02:27:01.621621,V-01,500.75,10.89,-59.29,33.9,93.6,24.13,1,0
2022-04-14 02:28:28.108108,V-01,541.09,13.14,-61.52,39.54,55.13,11.23,0,0
2022-04-15 02:29:54.594594,V-01,597.14,7.41,-54.18,56.02,96.71,34.02,0,0
2022-04-16 02:31:21.081081,V-01,537.46,11.39,-62.19,40.98,53.86,37.45,2,0
2022-04-17 02:32:47.567567,V-01,548.21,11.08,-66.99,41.37,61.46,10.56,1,0
2022-04-18 02:34:14.054054,V-01,496.01,9.44,-60.36,55.56,86.16,21.96,2,0
2022-04-19 02:35:40.540540,V-01,392.62,10.8,-62.71,29.64,88.07,35.8,1,0
2022-04-20 02:37:07.027027,V-01,577.23,10.58,-54.91,27.15,86.8,34.36,1,0
2022-04-21 02:38:33.513513,V-01,518.64,11.34,-66.92,25.1,66.94,10.95,0,0
2022-04-22 02:40:00.000000,V-01,522.94,10.33,-59.83,27.68,53.27,23.21,0,0
2022-04-23 02:41:26.486486,V-01,462.4,8.69,-65.05,50.05,81.08,28.54,2,0
2022-04-24 02:42:52.972972,V-01,470.85,13.3,-59.69,23.93,81.54,14.44,1,0
2022-04-25 02:44:19.459459,V-01,537.47,11.07,-61.88,40.03,60.29,19.53,1,0
2022-04-26 02:45:45.945945,V-01,516.92,9.01,-70.5,46.47,67.06,16.51,2,0
2022-04-27 02:47:12.432432,V-01,453.63,8.43,-59.38,26.34,50.07,12.63,0,0
2022-04-28 02:48:38.918918,V-01,517.95,8.2,-59.59,56.2,98.06,11.18,0,0
2022-04-29 02:50:05.405405,V-01,570.53,6.47,-64.25,39.0,53.99,24.51,2,0
2022-04-30 02:51:31.891891,V-01,538.98,9.59,-66.38,42.04,79.24,17.13,0,0
2022-05-01 02:52:58.378378,V-01,524.47,9.15,-65.92,35.59,61.88,15.23,2,0
2022-05-02 02:54:24.864864,V-01,485.49,7.58,-55.68,25.82,94.75,17.32,1,0
2022-05-03 02:55:51.351351,V-01,509.02,7.35,-56.7,54.12,56.38,20.77,0,0
2022-05-04 02:57:17.837837,V-01,435.28,9.43,-57.45,34.57,72.3,29.67,2,0
2022-05-05 02:58:44.324324,V-01,526.4,11.01,-63.5,43.48,86.73,30.1,0,0
2022-05-06 03:00:10.810810,V-01,500.61,8.34,-59.59,41.06,78.9,13.41,2,0
2022-05-07 03:01:37.297297,V-01,533.78,10.22,-65.23,28.36,85.3,33.81,2,0
2022-05-08 03:03:03.783783,V-01,557.12,10.61,-56.89,50.94,82.26,30.05,0,0
2022-05-09 03:04:30.270270,V-01,530.1,6.8,-56.45,37.71,50.56,13.04,0,0
2022-05-10 03:05:56.756756,V-01,453.21,8.64,-66.8,45.99,92.89,36.66,0,0
2022-05-11 03:07:23.243243,V-01,569.63,9.32,-63.25,31.72,83.79,18.66,1,0
2022-05-12 03:08:49.729729,V-01,535.97,10.82,-51.99,24.01,86.19,35.8,2,0
2022-05-13 03:10:16.216216,V-01,472.25,6.94,-54.47,51.41,99.9,22.72,1,0
2022-05-14 03:11:42.702702,V-01,478.0,11.34,-57.05,49.7,63.73,32.93,2,0
2022-05-15 03:13:09.189189,V-01,540.54,8.57,-56.26,34.9,76.91,31.13,0,0
2022-05-16 03:14:35.675675,V-01,485.45,8.93,-59.15,50.02,75.31,16.49,0,0
2022-05-17 03:16:02.162162,V-01,455.44,6.54,-59.66,51.65,69.89,25.45,1,0
2022-05-18 03:17:28.648648,V-01,481.05,8.5,-60.11,22.81,90.97,36.71,1,0
2022-05-19 03:18:55.135135,V-01,550.65,11.64,-62.71,52.59,67.74,19.41,0,0
2022-05-20 03:20:21.621621,V-01,433.05,12.69,-53.65,30.3,74.56,37.49,0,0
2022-05-21 03:21:48.108108,V-01,451.16,9.59,-65.16,20.28,85.69,20.96,0,0
2022-05-22 03:23:14.594594,V-01,519.33,8.59,-64.12,55.12,72.16,34.68,2,0
2022-05-23 03:24:41.081081,V-01,488.81,8.05,-65.92,28.85,84.72,39.62,0,0
2022-05-24 03:26:07.567567,V-01,399.66,10.22,-57.71,52.16,86.7,18.24,1,0
2022-05-25 03:27:34.054054,V-01,509.04,13.71,-57.14,26.76,86.67,28.46,0,0
2022-05-26 03:29:00.540540,V-01,501.1,10.96,-63.21,55.81,86.72,39.47,2,0
2022-05-27 03:30:27.027027,V-01,540.08,10.9,-66.52,21.62,84.06,29.53,2,0
2022-05-28 03:31:53.513513,V-01,566.95,10.23,-51.37,46.6,78.08,36.94,2,0
2022-05-29 03:33:20.000000,V-01,441.62,8.68,-55.02,40.33,56.29,25.61,2,0
2022-05-30 03:34:46.486486,V-01,508.21,9.82,-53.95,43.17,97.5,27.81,2,0
2022-05-31 03:36:12.972972,V-01,579.71,8.98,-62.43,46.8,81.53,31.24,0,0
2022-06-01 03:37:39.459459,V-01,515.08,13.13,-62.19,22.05,90.42,17.14,1,0
2022-06-02 03:39:05.945945,V-01,509.8,11.27,-55.45,47.58,57.69,34.49,0,0
2022-06-03 03:40:32.432432,V-01,449.56,7.68,-54.51,44.76,81.8,38.79,1,0
2022-06-04 03:41:58.918918,V-01,522.99,9.75,-58.64,47.15,77.94,29.35,2,0
2022-06-05 03:43:25.405405,V-01,531.22,8.43,-54.72,48.85,95.88,39.67,2,0
2022-06-06 03:44:51.891891,V-01,604.88,9.79,-58.94,59.79,63.1,13.51,0,0
2022-06-07 03:46:18.378378,V-01,654.51,10.53,-56.99,50.14,72.15,12.19,1,0
2022-06-08 03:47:44.864864,V-01,585.11,6.74,-60.36,27.53,77.97,23.16,2,0
2022-06-09 03:49:11.351351,V-01,497.69,10.3,-60.47,39.62,54.62,23.14,0,0
2022-06-10 03:50:37.837837,V-01,440.04,10.65,-59.74,29.17,64.02,38.43,2,0
2022-06-11 03:52:04.324324,V-01,527.14,12.69,-59.68,42.96,96.89,12.59,0,0
2022-06-12 03:53:30.810810,V-01,442.6,7.06,-67.82,22.36,70.83,26.78,0,0
2022-06-13 03:54:57.297297,V-01,504.01,11.93,-59.62,29.01,62.27,16.09,0,0
2022-06-14 03:56:23.783783,V-01,520.89,8.73,-65.26,32.0,81.06,34.51,0,0
2022-06-15 03:57:50.270270,V-01,567.77,9.17,-65.67,24.39,67.32,37.21,2,0
2022-06-16 03:59:16.756756,V-01,525.3,12.42,-54.93,59.58,79.87,35.52,1,0
2022-06-17 04:00:43.243243,V-01,503.88,9.69,-67.9,29.1,63.84,33.97,1,0
2022-06-18 04:02:09.729729,V-01,465.66,7.24,-53.63,25.68,53.42,18.33,2,0
2022-06-19 04:03:36.216216,V-01,564.71,11.26,-63.0,59.04,70.19,24.81,0,0
2022-06-20 04:05:02.702702,V-01,552.32,8.89,-62.77,45.49,79.64,26.84,1,0
2022-06-21 04:06:29.189189,V-01,531.77,12.46,-63.7,45.94,97.63,18.94,1,0
2022-06-22 04:07:55.675675,V-01,605.46,8.37,-60.66,26.17,87.18,24.07,2,0
2022-06-23 04:09:22.162162,V-01,547.01,13.5,-54.27,34.97,53.74,35.73,1,0
2022-06-24 04:10:48.648648,V-01,525.05,9.13,-59.33,36.48,96.58,19.42,0,0
2022-06-25 04:12:15.135135,V-01,530.45,8.22,-71.14,57.2,90.73,26.12,0,0
2022-06-26 04:13:41.621621,V-01,486.08,9.51,-53.75,51.03,63.29,34.59,0,0
2022-06-27 04:15:08.108108,V-01,466.25,9.91,-61.43,25.48,63.76,16.94,1,0
2022-06-28 04:16:34.594594,V-01,488.64,9.66,-60.53,54.9,65.94,39.96,2,0
2022-06-29 04:18:01.081081,V-01,497.91,8.86,-59.04,23.33,62.6,29.85,1,0
2022-06-30 04:19:27.567567,V-01,495.34,13.1,-58.83,51.52,57.66,22.95,0,0
2022-07-01 04:20:54.054054,V-01,509.57,9.6,-71.35,41.08,74.62,37.74,1,0
2022-07-02 04:22:20.540540,V-01,449.49,9.45,-59.32,20.73,97.23,33.58,2,0
2022-07-03 04:23:47.027027,V-01,533.39,10.08,-54.8,31.41,86.52,15.06,1,0
2022-07-04 04:25:13.513513,V-01,454.67,7.94,-51.4,45.93,69.85,13.01,2,0
2022-07-05 04:26:39.999999,V-01,526.75,8.07,-63.58,49.38,59.06,33.63,2,0
2022-07-06 04:28:06.486486,V-01,445.9,8.68,-57.46,43.54,85.34,29.37,2,0
2022-07-07 04:29:32.972972,V-01,441.01,11.63,-61.11,55.98,84.27,24.58,0,0
2022-07-08 04:30:59.459459,V-01,459.53,9.43,-63.59,26.64,60.26,20.18,1,0
2022-07-09 04:32:25.945945,V-01,470.49,8.49,-55.4,47.84,89.3,31.1,2,0
2022-07-10 04:33:52.432432,V-01,558.85,7.67,-52.66,43.0,73.03,24.56,2,0
2022-07-11 04:35:18.918918,V-01,439.52,8.32,-48.58,40.59,58.06,34.59,0,0
2022-07-12 04:36:45.405405,V-01,487.63,8.63,-55.06,28.23,60.25,22.34,2,0
2022-07-13 04:38:11.891891,V-01,496.55,10.0,-64.7,26.08,97.83,17.1,2,0
2022-07-14 04:39:38.378378,V-01,500.36,10.79,-64.74,33.21,87.29,19.92,0,0
2022-07-15 04:41:04.864864,V-01,484.08,11.3,-66.67,38.57,71.51,35.09,1,0
2022-07-16 04:42:31.351351,V-01,421.39,7.68,-68.92,38.47,61.02,18.44,1,0
2022-07-17 04:43:57.837837,V-01,497.6,10.11,-52.45,33.36,55.43,20.13,1,0
2022-07-18 04:45:24.324324,V-01,542.56,11.57,-45.82,56.61,65.17,22.02,1,0
2022-07-19 04:46:50.810810,V-01,512.5,10.13,-65.37,26.9,87.9,14.51,0,0
2022-07-20 04:48:17.297297,V-01,543.32,12.3,-61.19,53.99,94.88,32.88,1,0
2022-07-21 04:49:43.783783,V-01,381.15,10.29,-67.64,26.91,90.94,10.54,0,0
2022-07-22 04:51:10.270270,V-01,527.99,12.22,-66.28,58.49,98.71,13.09,2,0
2022-07-23 04:52:36.756756,V-01,426.71,10.6,-59.5,31.83,64.03,10.53,0,0
2022-07-24 04:54:03.243243,V-01,576.45,10.1,-55.48,52.35,67.17,25.75,0,0
2022-07-25 04:55:29.729729,V-01,505.74,8.15,-55.61,42.38,86.92,38.23,1,0
2022-07-26 04:56:56.216216,V-01,472.31,7.11,-59.82,46.09,85.26,34.61,1,0
2022-07-27 04:58:22.702702,V-01,512.26,11.18,-61.42,30.95,84.39,35.11,2,0
2022-07-28 04:59:49.189189,V-01,431.98,7.95,-70.5,40.1,83.99,19.97,0,0
2022-07-29 05:01:15.675675,V-01,528.19,7.8,-63.97,20.02,58.33,10.84,0,0
2022-07-30 05:02:42.162162,V-01,473.33,9.18,-65.99,37.22,64.89,14.39,1,0
2022-07-31 05:04:08.648648,V-01,592.7,11.66,-62.18,36.24,86.45,30.22,1,0
2022-08-01 05:05:35.135135,V-01,526.77,6.17,-57.78,56.7,53.2,37.39,2,0
2022-08-02 05:07:01.621621,V-01,535.46,7.26,-58.0,56.24,53.6,10.55,1,0
2022-08-03 05:08:28.108108,V-01,445.24,8.49,-67.51,23.15,94.62,18.46,2,0
2022-08-04 05:09:54.594594,V-01,561.78,9.94,-55.82,41.21,63.62,31.14,2,0
2022-08-05 05:11:21.081081,V-01,546.88,11.63,-63.6,20.57,99.97,12.97,2,0
2022-08-06 05:12:47.567567,V-01,477.44,11.59,-57.37,59.19,57.32,32.31,1,0
2022-08-07 05:14:14.054054,V-01,513.84,12.42,-64.4,25.22,95.11,23.85,0,0
2022-08-08 05:15:40.540540,V-01,514.19,10.27,-58.57,27.03,86.42,18.55,2,0
2022-08-09 05:17:07.027027,V-01,515.07,10.68,-63.37,56.0,69.36,26.89,1,0
2022-08-10 05:18:33.513513,V-01,528.86,9.34,-59.96,26.76,56.97,14.81,0,0
2022-08-11 05:20:00.000000,V-01,524.42,6.06,-54.54,29.29,75.52,33.2,1,0
2022-08-12 05:21:26.486486,V-01,440.3,12.02,-59.01,26.6,59.85,32.56,2,0
2022-08-13 05:22:52.972972,V-01,567.0,11.73,-61.46,24.13,79.89,26.22,1,0
2022-08-14 05:24:19.459459,V-01,406.12,12.08,-61.27,29.14,64.51,37.42,1,0
2022-08-15 05:25:45.945945,V-01,461.34,13.28,-61.7,57.89,50.82,26.47,2,0
2022-08-16 05:27:12.432432,V-01,532.63,11.0,-69.88,47.7,51.31,23.65,1,0
2022-08-17 05:28:38.918918,V-01,476.37,9.93,-60.15,43.25,64.48,21.44,0,0
2022-08-18 05:30:05.405405,V-01,519.84,9.56,-54.02,59.3,92.13,32.92,0,0
2022-08-19 05:31:31.891891,V-01,495.58,6.62,-55.14,55.01,65.83,36.29,2,0
2022-08-20 05:32:58.378378,V-01,565.29,10.55,-64.06,36.5,56.49,12.34,1,0
2022-08-21 05:34:24.864864,V-01,475.99,10.81,-62.02,49.2,67.54,21.24,0,0
2022-08-22 05:35:51.351351,V-01,502.19,10.55,-55.99,47.82,72.38,14.52,0,0
2022-08-23 05:37:17.837837,V-01,577.23,9.2,-61.2,46.73,95.16,26.11,1,0
2022-08-24 05:38:44.324324,V-01,471.76,9.73,-65.33,26.96,95.04,10.88,0,0
2022-08-25 05:40:10.810810,V-01,491.28,11.0,-65.21,52.13,60.26,12.19,1,0
2022-08-26 05:41:37.297297,V-01,556.34,11.2,-63.33,54.91,54.1,19.92,1,0
2022-08-27 05:43:03.783783,V-01,520.42,9.37,-68.22,53.82,57.34,23.98,1,0
2022-08-28 05:44:30.270270,V-01,584.05,6.84,-59.3,59.49,56.81,28.75,2,0
2022-08-29 05:45:56.756756,V-01,512.24,9.16,-53.87,50.91,78.87,28.5,2,0
2022-08-30 05:47:23.243243,V-01,519.21,9.09,-61.92,42.32,52.88,36.57,2,0
2022-08-31 05:48:49.729729,V-01,505.43,12.27,-63.29,28.73,82.12,32.78,2,0
2022-09-01 05:50:16.216216,V-01,365.41,7.19,-56.53,50.94,66.84,38.53,0,0
2022-09-02 05:51:42.702702,V-01,543.84,12.32,-60.95,37.23,96.1,30.01,2,0
2022-09-03 05:53:09.189189,V-01,557.43,9.52,-52.71,23.86,66.2,34.06,2,0
2022-09-04 05:54:35.675675,V-01,508.45,11.25,-55.62,30.35,94.78,19.61,2,0
2022-09-05 05:56:02.162162,V-01,434.72,11.64,-50.18,21.84,53.98,20.05,2,0
2022-09-06 05:57:28.648648,V-01,545.3,11.95,-64.08,45.21,57.13,22.18,2,0
2022-09-07 05:58:55.135135,V-01,458.63,11.56,-56.35,33.77,82.8,38.06,2,0
2022-09-08 06:00:21.621621,V-01,527.65,7.45,-58.14,57.25,96.24,13.93,0,0
2022-09-09 06:01:48.108108,V-01,548.73,8.21,-59.07,56.45,73.56,35.44,2,0
2022-09-10 06:03:14.594594,V-01,515.97,11.62,-60.63,56.73,54.86,20.24,0,0
2022-09-11 06:04:41.081081,V-01,465.07,13.88,-57.33,38.17,79.42,33.89,0,0
2022-09-12 06:06:07.567567,V-01,561.12,8.24,-58.13,42.23,82.81,28.69,1,0
2022-09-13 06:07:34.054054,V-01,603.82,6.94,-58.71,54.75,83.55,28.53,0,0
2022-09-14 06:09:00.540540,V-01,527.66,7.25,-60.96,59.64,61.34,36.95,1,0
2022-09-15 06:10:27.027027,V-01,543.96,8.22,-58.6,36.84,83.25,22.54,1,0
2022-09-16 06:11:53.513513,V-01,550.95,10.49,-60.83,22.37,69.15,36.82,1,0
2022-09-17 06:13:20.000000,V-01,530.67,10.66,-64.91,53.79,56.04,24.11,0,0
2022-09-18 06:14:46.486486,V-01,498.04,8.93,-53.01,20.9,86.35,15.67,2,0
2022-09-19 06:16:12.972972,V-01,501.8,9.27,-62.76,56.29,95.05,13.42,0,0
2022-09-20 06:17:39.459459,V-01,546.99,11.77,-62.63,45.04,70.76,39.76,0,0
2022-09-21 06:19:05.945945,V-01,572.83,9.72,-58.6,36.79,73.7,21.64,0,0
2022-09-22 06:20:32.432432,V-01,510.24,10.89,-55.87,45.8,52.99,13.45,2,0
2022-09-23 06:21:58.918918,V-01,537.03,9.76,-70.51,21.93,65.45,36.47,0,0
2022-09-24 06:23:25.405405,V-01,554.12,14.12,-69.39,49.76,55.28,37.23,2,0
2022-09-25 06:24:51.891891,V-01,524.15,10.04,-54.02,56.79,92.51,15.97,0,0
2022-09-26 06:26:18.378378,V-01,473.35,10.27,-59.66,48.18,50.16,12.99,0,0
2022-09-27 06:27:44.864864,V-01,499.37,8.98,-59.28,26.05,63.77,32.38,0,0
2022-09-28 06:29:11.351351,V-01,521.59,11.82,-66.85,40.98,69.03,23.19,1,0
2022-09-29 06:30:37.837837,V-01,541.41,11.84,-65.29,37.87,80.11,21.46,1,0
2022-09-30 06:32:04.324324,V-01,485.4,6.88,-54.82,35.89,89.95,38.15,1,0
2022-10-01 06:33:30.810810,V-01,492.79,9.25,-60.58,27.33,64.52,18.7,0,0
2022-10-02 06:34:57.297297,V-01,515.83,8.76,-71.69,52.16,61.3,23.29,0,0
2022-10-03 06:36:23.783783,V-01,445.75,9.8,-63.7,30.51,79.97,37.05,0,0
2022-10-04 06:37:50.270270,V-01,541.79,8.61,-62.16,29.19,98.27,14.26,1,0
2022-10-05 06:39:16.756756,V-01,440.99,8.16,-64.08,36.55,56.22,34.0,0,0
2022-10-06 06:40:43.243243,V-01,527.37,9.21,-60.14,34.79,63.12,18.93,2,0
2022-10-07 06:42:09.729729,V-01,519.81,6.03,-53.93,59.54,78.99,23.47,0,0
2022-10-08 06:43:36.216216,V-01,521.26,10.57,-49.24,30.1,55.45,22.02,2,0
2022-10-09 06:45:02.702702,V-01,446.06,12.84,-57.5,24.92,98.53,33.98,2,0
2022-10-10 06:46:29.189189,V-01,460.9,12.18,-61.1,45.95,71.5,32.6,0,0
2022-10-11 06:47:55.675675,V-01,482.12,10.24,-61.55,52.64,62.25,14.56,1,0
2022-10-12 06:49:22.162162,V-01,471.21,11.06,-55.91,46.36,56.84,26.92,0,0
2022-10-13 06:50:48.648648,V-01,618.16,6.24,-56.79,50.99,90.96,14.02,1,0
2022-10-14 06:52:15.135135,V-01,505.7,5.8,-58.92,39.51,53.34,14.04,0,0
2022-10-15 06:53:41.621621,V-01,543.3,10.52,-67.03,50.94,72.42,10.88,1,0
2022-10-16 06:55:08.108108,V-01,445.96,10.26,-56.67,49.23,71.0,11.83,2,0
2022-10-17 06:56:34.594594,V-01,492.72,12.96,-58.31,52.5,60.84,36.95,0,0
2022-10-18 06:58:01.081081,V-01,470.92,11.77,-59.26,43.73,63.35,39.53,2,0
2022-10-19 06:59:27.567567,V-01,528.06,8.43,-58.88,33.23,65.82,22.32,0,0
2022-10-20 07:00:54.054054,V-01,507.54,11.87,-58.61,23.85,68.06,22.35,1,0
2022-10-21 07:02:20.540540,V-01,452.38,12.12,-63.94,44.5,79.48,10.35,2,0
2022-10-22 07:03:47.027027,V-01,513.48,10.08,-61.2,21.71,52.49,28.32,2,0
2022-10-23 07:05:13.513513,V-01,453.49,8.84,-66.89,46.26,80.37,28.92,0,0
2022-10-24 07:06:40.000000,V-01,481.61,8.27,-64.43,40.9,56.35,12.92,1,0
2022-10-25 07:08:06.486486,V-01,495.04,10.34,-58.42,57.36,73.74,30.92,1,0
2022-10-26 07:09:32.972972,V-01,526.51,10.18,-53.38,31.95,95.44,29.38,1,0
2022-10-27 07:10:59.459459,V-01,514.9,10.74,-61.88,24.59,55.1,39.63,2,0
2022-10-28 07:12:25.945945,V-01,425.59,10.95,-56.39,47.54,54.88,31.44,0,0
2022-10-29 07:13:52.432432,V-01,499.74,10.57,-53.83,48.04,60.72,39.5,1,0
2022-10-30 07:15:18.918918,V-01,502.75,9.56,-61.68,46.26,60.17,26.91,2,0
2022-10-31 07:16:45.405405,V-01,524.58,13.31,-54.89,41.43,54.68,23.79,2,0
2022-11-01 07:18:11.891891,V-01,573.0,10.86,-63.34,57.77,89.1,27.21,2,0
2022-11-02 07:19:38.378378,V-01,450.7,12.55,-57.9,41.25,80.62,34.78,1,0
2022-11-03 07:21:04.864864,V-01,512.55,12.7,-53.17,57.31,97.46,18.68,2,0
2022-11-04 07:22:31.351351,V-01,566.24,9.42,-63.4,32.43,66.37,26.59,1,0
2022-11-05 07:23:57.837837,V-01,584.31,13.45,-60.38,30.18,90.22,39.5,1,0
2022-11-06 07:25:24.324324,V-01,574.98,11.42,-59.14,55.91,77.78,33.31,2,0
2022-11-07 07:26:50.810810,V-01,498.21,8.63,-62.48,50.64,99.2,19.62,1,0
2022-11-08 07:28:17.297297,V-01,470.76,10.25,-59.17,39.31,85.77,37.69,0,0
2022-11-09 07:29:43.783783,V-01,475.9,7.96,-63.27,30.77,83.82,11.24,2,0
2022-11-10 07:31:10.270270,V-01,586.15,9.65,-54.0,37.81,73.57,25.33,0,0
2022-11-11 07:32:36.756756,V-01,506.37,7.52,-60.96,48.66,81.89,13.79,2,0
2022-11-12 07:34:03.243243,V-01,645.99,8.41,-59.97,31.37,65.24,19.31,2,0
2022-11-13 07:35:29.729729,V-01,443.82,9.63,-57.33,32.84,92.23,22.08,0,0
2022-11-14 07:36:56.216216,V-01,565.5,7.43,-70.19,37.96,71.92,35.84,2,0
2022-11-15 07:38:22.702702,V-01,483.93,9.36,-60.01,48.63,74.52,33.15,0,0
2022-11-16 07:39:49.189189,V-01,550.06,6.64,-55.98,38.03,77.64,39.41,2,0
2022-11-17 07:41:15.675675,V-01,464.3,9.53,-52.18,24.33,96.88,33.19,1,0
2022-11-18 07:42:42.162162,V-01,576.19,11.89,-64.87,39.74,69.53,36.56,2,0
2022-11-19 07:44:08.648648,V-01,572.72,6.92,-62.81,40.05,84.22,39.0,0,0
2022-11-20 07:45:35.135135,V-01,568.42,8.54,-63.12,22.8,94.85,33.21,0,0
2022-11-21 07:47:01.621621,V-01,557.18,9.87,-63.82,38.09,53.7,26.49,2,0
2022-11-22 07:48:28.108108,V-01,473.52,8.12,-55.18,47.96,61.2,30.8,1,0
2022-11-23 07:49:54.594594,V-01,500.08,10.29,-58.5,25.36,53.73,27.84,2,0
2022-11-24 07:51:21.081081,V-01,473.43,12.15,-48.73,44.08,99.75,22.63,0,0
2022-11-25 07:52:47.567567,V-01,531.34,12.07,-58.79,28.52,62.73,32.45,2,0
2022-11-26 07:54:14.054054,V-01,471.58,13.05,-56.74,49.26,81.98,33.36,1,0
2022-11-27 07:55:40.540540,V-01,460.85,11.07,-60.92,21.99,99.46,14.6,0,0
2022-11-28 07:57:07.027027,V-01,481.47,9.35,-62.94,32.64,91.16,14.1,2,0
2022-11-29 07:58:33.513513,V-01,573.22,9.43,-57.2,55.88,70.72,22.66,0,0
2022-11-30 08:00:00.000000,V-01,487.56,7.6,-61.16,25.2,58.17,16.43,2,0
2022-12-01 08:01:26.486486,V-01,491.1,9.08,-56.47,24.05,71.06,32.75,2,0
2022-12-02 08:02:52.972972,V-01,534.12,9.25,-56.8,47.62,97.26,27.36,1,0
2022-12-03 08:04:19.459459,V-01,543.58,6.9,-64.23,41.8,93.17,27.96,2,0
2022-12-04 08:05:45.945945,V-01,520.04,10.62,-48.86,48.72,73.42,32.59,2,0
2022-12-05 08:07:12.432432,V-01,547.79,9.92,-60.68,46.03,58.86,33.98,1,0
2022-12-06 08:08:38.918918,V-01,464.5,10.17,-56.24,57.3,80.52,37.08,0,0
2022-12-07 08:10:05.405405,V-01,522.17,7.16,-53.18,27.8,75.55,37.16,2,0
2022-12-08 08:11:31.891891,V-01,492.83,8.45,-64.71,37.41,61.34,15.33,2,0
2022-12-09 08:12:58.378378,V-01,538.94,10.74,-57.01,28.71,81.83,38.45,1,0
2022-12-10 08:14:24.864864,V-01,508.57,14.64,-58.73,32.21,89.17,18.92,2,0
2022-12-11 08:15:51.351351,V-01,512.43,8.27,-66.23,30.02,88.64,14.74,0,0
2022-12-12 08:17:17.837837,V-01,537.68,12.62,-59.5,27.25,77.19,16.78,0,0
2022-12-13 08:18:44.324324,V-01,510.65,6.74,-61.86,57.79,70.27,35.68,2,0
2022-12-14 08:20:10.810810,V-01,532.0,7.87,-56.27,26.55,57.13,25.37,2,0
2022-12-15 08:21:37.297297,V-01,462.06,10.29,-58.51,44.12,54.01,23.83,0,0
2022-12-16 08:23:03.783783,V-01,604.92,10.42,-64.0,34.37,85.96,32.07,2,0
2022-12-17 08:24:30.270270,V-01,556.32,8.03,-63.54,39.93,61.59,35.7,1,0
2022-12-18 08:25:56.756756,V-01,475.37,12.52,-52.52,29.43,95.42,24.17,2,0
2022-12-19 08:27:23.243243,V-01,480.82,8.66,-57.74,30.71,68.93,18.33,2,0
2022-12-20 08:28:49.729729,V-01,416.5,14.44,-69.43,50.52,59.51,31.48,1,0
2022-12-21 08:30:16.216216,V-01,535.41,8.09,-63.28,28.47,79.96,33.68,0,0
2022-12-22 08:31:42.702702,V-01,485.93,9.09,-65.64,38.74,86.23,31.67,0,0
2022-12-23 08:33:09.189189,V-01,434.68,9.74,-56.3,54.08,68.06,20.07,1,0
2022-12-24 08:34:35.675675,V-01,482.34,9.97,-63.32,59.1,70.16,29.32,0,0
2022-12-25 08:36:02.162162,V-01,530.76,7.74,-57.06,31.8,91.65,36.96,1,0
2022-12-26 08:37:28.648648,V-01,468.31,12.52,-58.26,57.95,58.12,16.33,0,0
2022-12-27 08:38:55.135135,V-01,486.9,10.97,-54.25,39.94,63.48,34.97,0,0
2022-12-28 08:40:21.621621,V-01,542.06,9.93,-55.87,52.16,61.04,19.54,0,0
2022-12-29 08:41:48.108108,V-01,567.49,6.87,-60.26,51.35,60.84,24.83,1,0
2022-12-30 08:43:14.594594,V-01,572.33,9.81,-53.58,20.05,59.52,39.15,0,0
2022-12-31 08:44:41.081081,V-01,416.73,9.54,-64.48,22.65,53.83,23.88,2,0
2023-01-01 08:46:07.567567,V-01,505.41,10.37,-64.9,20.31,96.47,36.85,2,0
2023-01-02 08:47:34.054054,V-01,488.68,6.75,-62.28,34.67,53.95,27.2,1,0
2023-01-03 08:49:00.540540,V-01,510.59,9.32,-60.86,44.04,97.71,24.4,1,0
2023-01-04 08:50:27.027027,V-01,550.09,10.65,-56.87,50.0,50.07,30.82,0,0
2023-01-05 08:51:53.513513,V-01,540.74,13.13,-55.86,37.91,83.17,14.58,1,0
2023-01-06 08:53:19.999999,V-01,491.43,9.64,-62.43,50.49,66.75,37.27,0,0
2023-01-07 08:54:46.486486,V-01,418.71,12.15,-62.65,35.76,65.08,29.42,2,0
2023-01-08 08:56:12.972972,V-01,583.4,8.92,-62.33,35.8,90.86,14.76,1,0
2023-01-09 08:57:39.459459,V-01,532.81,9.85,-67.18,25.0,80.25,29.41,2,0
2023-01-10 08:59:05.945945,V-01,502.78,8.7,-53.51,38.67,54.08,33.02,0,0
2023-01-11 09:00:32.432432,V-01,505.21,12.95,-56.43,36.49,66.24,14.19,0,0
2023-01-12 09:01:58.918918,V-01,487.23,5.91,-57.94,25.28,58.5,17.93,2,0
2023-01-13 09:03:25.405405,V-01,521.6,3.99,-55.79,41.73,74.51,33.92,0,0
2023-01-14 09:04:51.891891,V-01,558.93,11.89,-57.39,31.22,54.29,24.56,0,0
2023-01-15 09:06:18.378378,V-01,423.35,6.87,-59.49,49.92,65.41,21.77,0,0
2023-01-16 09:07:44.864864,V-01,505.76,10.27,-51.83,41.58,67.28,24.64,2,0
2023-01-17 09:09:11.351351,V-01,534.72,7.21,-59.6,22.45,89.27,17.14,2,0
2023-01-18 09:10:37.837837,V-01,530.83,11.53,-63.18,54.74,85.98,14.23,1,0
2023-01-19 09:12:04.324324,V-01,346.93,8.67,-58.3,44.85,50.56,18.34,1,0
2023-01-20 09:13:30.810810,V-01,538.44,12.76,-62.06,57.66,73.17,10.15,0,0
2023-01-21 09:14:57.297297,V-01,539.82,8.48,-63.36,59.76,56.11,39.91,1,0
2023-01-22 09:16:23.783783,V-01,524.65,10.64,-50.4,37.04,62.29,31.54,2,0
2023-01-23 09:17:50.270270,V-01,557.17,9.56,-57.5,56.36,55.98,26.72,1,0
2023-01-24 09:19:16.756756,V-01,434.04,11.47,-69.4,46.28,75.92,35.78,0,0
2023-01-25 09:20:43.243243,V-01,567.96,10.17,-73.36,26.86,62.71,34.24,0,0
2023-01-26 09:22:09.729729,V-01,450.35,10.07,-62.16,51.16,66.12,31.54,1,0
2023-01-27 09:23:36.216216,V-01,459.73,8.49,-67.27,48.13,58.17,25.64,1,0
2023-01-28 09:25:02.702702,V-01,510.6,9.15,-68.87,55.22,97.96,33.21,0,0
2023-01-29 09:26:29.189189,V-01,491.73,8.3,-59.59,33.85,54.1,12.24,2,0
2023-01-30 09:27:55.675675,V-01,512.93,8.97,-57.22,32.42,97.14,39.62,0,0
2023-01-31 09:29:22.162162,V-01,492.63,11.06,-50.62,58.99,82.57,30.95,2,0
2023-02-01 09:30:48.648648,V-01,501.64,9.04,-62.3,49.82,72.9,15.97,2,0
2023-02-02 09:32:15.135135,V-01,506.39,8.74,-52.62,48.85,67.94,11.29,2,0
2023-02-03 09:33:41.621621,V-01,468.98,10.95,-65.63,29.96,94.65,34.02,0,0
2023-02-04 09:35:08.108108,V-01,409.51,6.67,-61.57,52.89,80.58,28.35,1,0
2023-02-05 09:36:34.594594,V-01,579.82,9.69,-58.52,52.25,91.4,12.9,2,0
2023-02-06 09:38:01.081081,V-01,484.59,9.72,-60.0,27.25,99.1,39.48,1,0
2023-02-07 09:39:27.567567,V-01,421.76,9.0,-57.33,25.7,60.87,30.68,2,0
2023-02-08 09:40:54.054054,V-01,569.87,10.76,-53.59,46.13,62.46,33.89,1,0
2023-02-09 09:42:20.540540,V-01,448.63,10.61,-51.33,57.59,87.72,27.31,2,0
2023-02-10 09:43:47.027027,V-01,560.03,11.29,-59.48,50.37,86.5,14.38,2,0
2023-02-11 09:45:13.513513,V-01,498.13,14.85,-58.5,58.77,57.08,34.78,1,0
2023-02-12 09:46:40.000000,V-01,492.8,11.34,-54.82,25.04,62.9,15.71,1,0
2023-02-13 09:48:06.486486,V-01,526.13,10.91,-66.5,48.84,69.89,25.0,2,0
2023-02-14 09:49:32.972972,V-01,566.75,11.14,-68.09,32.39,53.7,18.61,0,0
2023-02-15 09:50:59.459459,V-01,516.69,11.87,-62.01,42.74,67.43,18.68,0,0
2023-02-16 09:52:25.945945,V-01,533.62,7.3,-59.98,33.12,64.99,38.34,2,0
2023-02-17 09:53:52.432432,V-01,532.23,7.46,-57.18,45.46,52.02,13.37,2,0
2023-02-18 09:55:18.918918,V-01,442.86,10.1,-64.39,42.37,60.06,13.58,2,0
2023-02-19 09:56:45.405405,V-01,478.9,10.89,-64.56,54.41,88.5,35.78,2,0
2023-02-20 09:58:11.891891,V-01,505.94,11.17,-55.24,53.86,89.79,22.92,2,0
2023-02-21 09:59:38.378378,V-01,485.71,11.07,-60.72,50.34,90.03,20.67,1,0
2023-02-22 10:01:04.864864,V-01,496.67,10.86,-57.07,48.27,75.59,36.19,1,0
2023-02-23 10:02:31.351351,V-01,506.06,7.83,-54.6,29.77,53.53,30.41,2,0
2023-02-24 10:03:57.837837,V-01,510.77,11.04,-62.01,34.26,76.31,31.94,0,0
2023-02-25 10:05:24.324324,V-01,369.21,12.05,-61.24,46.04,52.16,19.71,2,0
2023-02-26 10:06:50.810810,V-01,543.43,12.47,-67.52,50.19,64.39,27.98,0,0
2023-02-27 10:08:17.297297,V-01,430.62,11.34,-57.12,55.31,85.42,22.91,0,0
2023-02-28 10:09:43.783783,V-01,480.54,7.71,-60.84,43.26,89.1,30.9,1,0
2023-03-01 10:11:10.270270,V-01,502.17,13.23,-63.56,22.1,82.62,18.82,1,0
2023-03-02 10:12:36.756756,V-01,558.8,11.75,-60.76,21.92,61.81,24.25,1,0
2023-03-03 10:14:03.243243,V-01,505.59,14.16,-64.95,23.3,57.43,38.63,0,0
2023-03-04 10:15:29.729729,V-01,535.99,4.81,-58.41,23.67,58.32,19.36,0,0
2023-03-05 10:16:56.216216,V-01,440.59,12.26,-62.91,39.86,68.99,16.59,1,0
2023-03-06 10:18:22.702702,V-01,564.85,9.44,-63.66,47.07,89.67,30.52,2,0
2023-03-07 10:19:49.189189,V-01,508.78,7.85,-59.84,32.86,56.99,32.52,2,0
2023-03-08 10:21:15.675675,V-01,517.48,10.13,-53.84,30.12,92.35,14.61,2,0
2023-03-09 10:22:42.162162,V-01,488.21,7.86,-52.48,38.81,63.3,16.38,2,0
2023-03-10 10:24:08.648648,V-01,469.12,13.82,-51.97,32.39,64.86,15.24,2,0
2023-03-11 10:25:35.135135,V-01,458.48,12.55,-63.72,20.34,69.22,26.82,2,0
2023-03-12 10:27:01.621621,V-01,456.17,10.37,-62.26,28.56,98.59,30.14,0,0
2023-03-13 10:28:28.108108,V-01,452.6,9.9,-59.71,40.18,80.81,36.8,0,0
2023-03-14 10:29:54.594594,V-01,471.36,7.75,-52.27,44.85,85.35,27.99,1,0
2023-03-15 10:31:21.081081,V-01,522.72,9.21,-61.43,54.97,99.84,20.86,1,0
2023-03-16 10:32:47.567567,V-01,464.42,9.74,-50.13,42.77,62.88,22.28,0,0
2023-03-17 10:34:14.054054,V-01,480.78,11.62,-51.94,58.26,72.83,34.95,0,0
2023-03-18 10:35:40.540540,V-01,612.59,10.73,-62.74,23.44,74.64,15.47,1,0
2023-03-19 10:37:07.027027,V-01,488.35,4.87,-64.56,33.39,61.55,28.27,1,0
2023-03-20 10:38:33.513513,V-01,591.59,11.6,-65.78,58.86,65.72,34.15,0,0
2023-03-21 10:40:00.000000,V-01,535.98,11.36,-60.09,59.21,51.54,28.3,1,0
2023-03-22 10:41:26.486486,V-01,461.8,9.5,-68.86,22.35,60.36,18.88,2,0
2023-03-23 10:42:52.972972,V-01,477.01,10.24,-64.75,56.62,60.53,30.41,0,0
2023-03-24 10:44:19.459459,V-01,575.41,8.57,-57.26,23.57,67.66,21.45,0,0
2023-03-25 10:45:45.945945,V-01,495.08,10.65,-58.01,56.07,73.75,16.7,2,0
2023-03-26 10:47:12.432432,V-01,490.21,9.02,-58.77,39.66,92.87,11.67,2,0
2023-03-27 10:48:38.918918,V-01,520.91,8.67,-56.9,25.14,77.5,20.6,0,0
2023-03-28 10:50:05.405405,V-01,508.18,9.78,-60.91,32.05,50.26,28.81,1,0
2023-03-29 10:51:31.891891,V-01,420.35,10.19,-61.66,37.46,68.03,15.82,2,0
2023-03-30 10:52:58.378378,V-01,473.84,10.7,-65.55,39.91,67.4,33.9,0,0
2023-03-31 10:54:24.864864,V-01,548.14,9.39,-56.66,56.38,96.6,29.47,2,0
2023-04-01 10:55:51.351351,V-01,618.1,8.94,-56.16,22.37,61.06,29.93,0,0
2023-04-02 10:57:17.837837,V-01,586.56,7.03,-60.95,47.05,50.92,13.1,2,0
2023-04-03 10:58:44.324324,V-01,445.75,12.3,-60.45,22.27,68.54,17.41,1,0
2023-04-04 11:00:10.810810,V-01,570.07,7.87,-59.64,27.0,81.94,11.65,1,0
2023-04-05 11:01:37.297297,V-01,482.93,8.05,-62.64,32.47,88.85,21.49,2,0
2023-04-06 11:03:03.783783,V-01,490.49,12.5,-51.49,59.24,95.24,10.79,2,0
2023-04-07 11:04:30.270270,V-01,556.32,9.87,-60.01,47.73,65.82,26.4,0,0
2023-04-08 11:05:56.756756,V-01,512.23,10.54,-60.72,37.37,55.19,19.19,1,0
2023-04-09 11:07:23.243243,V-01,461.12,9.87,-52.23,21.01,92.21,24.81,2,0
2023-04-10 11:08:49.729729,V-01,420.04,12.6,-68.46,55.17,98.84,10.54,2,0
2023-04-11 11:10:16.216216,V-01,460.06,9.14,-71.52,24.49,56.01,14.28,2,0
2023-04-12 11:11:42.702702,V-01,482.38,10.28,-64.64,27.64,64.33,15.53,2,0
2023-04-13 11:13:09.189189,V-01,555.43,9.97,-65.99,34.72,84.0,12.72,1,0
2023-04-14 11:14:35.675675,V-01,502.4,8.39,-67.84,31.94,60.47,16.08,0,0
2023-04-15 11:16:02.162162,V-01,575.19,8.07,-67.95,29.27,63.6,19.75,2,0
2023-04-16 11:17:28.648648,V-01,533.47,10.06,-58.79,21.33,78.41,10.16,0,0
2023-04-17 11:18:55.135135,V-01,487.98,8.63,-58.58,52.9,82.24,13.86,2,0
2023-04-18 11:20:21.621621,V-01,489.29,8.67,-61.79,20.25,58.09,23.02,0,0
2023-04-19 11:21:48.108108,V-01,434.24,14.0,-52.01,36.39,70.16,28.14,0,0
2023-04-20 11:23:14.594594,V-01,504.47,7.8,-60.17,38.0,53.19,22.58,0,0
2023-04-21 11:24:41.081081,V-01,506.35,10.65,-57.3,44.47,98.19,30.13,1,0
2023-04-22 11:26:07.567567,V-01,509.05,9.85,-63.93,39.55,53.5,20.81,0,0
2023-04-23 11:27:34.054054,V-01,472.07,11.3,-57.91,23.52,69.2,31.12,1,0
2023-04-24 11:29:00.540540,V-01,506.79,10.61,-61.12,40.97,52.76,35.34,0,0
2023-04-25 11:30:27.027027,V-01,480.78,10.35,-58.97,27.64,92.86,10.71,1,0
2023-04-26 11:31:53.513513,V-01,547.3,8.53,-69.19,51.23,99.14,38.62,1,0
2023-04-27 11:33:20.000000,V-01,585.89,10.02,-57.12,41.6,94.65,17.59,1,0
2023-04-28 11:34:46.486486,V-01,476.59,11.29,-54.45,40.79,50.05,29.98,0,0
2023-04-29 11:36:12.972972,V-01,581.95,9.63,-64.44,46.38,64.03,16.2,2,0
2023-04-30 11:37:39.459459,V-01,505.09,11.1,-58.04,26.02,51.14,29.52,0,0
2023-05-01 11:39:05.945945,V-01,552.26,9.02,-68.09,34.48,57.22,25.8,0,0
2023-05-02 11:40:32.432432,V-01,476.37,12.12,-64.02,29.37,74.35,10.07,2,0
2023-05-03 11:41:58.918918,V-01,458.55,6.93,-53.48,44.72,78.69,23.36,0,0
2023-05-04 11:43:25.405405,V-01,451.1,11.21,-55.46,54.33,86.06,25.75,2,0
2023-05-05 11:44:51.891891,V-01,455.18,11.5,-55.5,45.13,82.57,10.42,1,0
2023-05-06 11:46:18.378378,V-01,449.48,8.02,-55.98,55.58,74.75,16.71,2,0
2023-05-07 11:47:44.864864,V-01,477.16,13.84,-64.2,42.04,65.79,37.24,0,0
2023-05-08 11:49:11.351351,V-01,499.19,11.02,-57.57,36.21,61.38,21.89,0,0
2023-05-09 11:50:37.837837,V-01,576.29,9.28,-58.06,32.04,99.83,16.05,1,0
2023-05-10 11:52:04.324324,V-01,478.92,8.41,-62.11,39.12,61.01,19.51,2,0
2023-05-11 11:53:30.810810,V-01,491.05,10.53,-59.72,49.8,80.54,18.96,0,0
2023-05-12 11:54:57.297297,V-01,487.42,7.0,-60.41,46.47,76.09,17.25,2,0
2023-05-13 11:56:23.783783,V-01,503.46,10.61,-63.81,50.74,55.7,16.28,1,0
2023-05-14 11:57:50.270270,V-01,577.37,8.62,-58.14,57.17,68.5,23.96,0,0
2023-05-15 11:59:16.756756,V-01,497.79,10.64,-60.1,57.37,93.19,39.88,2,0
2023-05-16 12:00:43.243243,V-01,569.49,11.95,-66.92,23.79,58.23,39.63,2,0
2023-05-17 12:02:09.729729,V-01,587.19,10.97,-63.45,22.93,91.18,18.19,0,0
2023-05-18 12:03:36.216216,V-01,499.22,11.62,-56.65,30.07,83.65,39.48,2,0
2023-05-19 12:05:02.702702,V-01,504.45,9.77,-57.95,47.11,62.2,10.48,1,0
2023-05-20 12:06:29.189189,V-01,577.75,9.09,-62.37,37.18,60.95,37.08,2,0
2023-05-21 12:07:55.675675,V-01,472.95,9.92,-63.14,58.52,83.37,35.03,0,0
2023-05-22 12:09:22.162162,V-01,499.45,15.67,-48.49,37.35,90.45,39.1,0,0
2023-05-23 12:10:48.648648,V-01,528.28,11.38,-63.63,45.67,88.18,34.03,0,0
2023-05-24 12:12:15.135135,V-01,455.8,9.39,-52.97,27.3,86.16,31.14,1,0
2023-05-25 12:13:41.621621,V-01,482.35,9.16,-59.18,22.35,70.3,26.15,2,0
2023-05-26 12:15:08.108108,V-01,468.74,7.56,-66.19,41.58,82.41,14.23,1,0
2023-05-27 12:16:34.594594,V-01,504.11,5.48,-54.27,50.82,85.2,25.36,1,0
2023-05-28 12:18:01.081081,V-01,527.81,10.22,-66.06,37.87,51.23,38.97,1,0
2023-05-29 12:19:27.567567,V-01,543.01,14.31,-60.62,48.14,57.35,21.92,1,0
2023-05-30 12:20:54.054054,V-01,476.1,7.84,-60.78,24.62,76.36,20.47,0,0
2023-05-31 12:22:20.540540,V-01,515.3,8.78,-54.58,46.26,70.13,30.47,0,0
2023-06-01 12:23:47.027027,V-01,470.33,7.87,-62.91,59.41,71.14,34.1,2,0
2023-06-02 12:25:13.513513,V-01,539.94,12.4,-49.31,33.92,53.76,14.33,0,0
2023-06-03 12:26:40.000000,V-01,456.78,9.29,-66.69,23.03,82.99,30.61,1,0
2023-06-04 12:28:06.486486,V-01,517.41,8.42,-61.0,33.46,73.45,16.46,0,0
2023-06-05 12:29:32.972972,V-01,508.26,11.47,-56.23,50.33,57.26,30.66,0,0
2023-06-06 12:30:59.459459,V-01,463.13,8.88,-55.11,50.56,65.12,32.38,1,0
2023-06-07 12:32:25.945945,V-01,539.37,10.32,-60.58,50.54,58.08,17.9,1,0
2023-06-08 12:33:52.432432,V-01,440.37,10.66,-68.28,22.56,87.82,28.2,0,0
2023-06-09 12:35:18.918918,V-01,483.97,7.87,-59.16,22.26,79.61,18.74,1,0
2023-06-10 12:36:45.405405,V-01,598.0,6.51,-57.1,32.95,93.72,16.33,2,0
2023-06-11 12:38:11.891891,V-01,529.89,10.85,-56.99,26.67,53.46,31.53,2,0
2023-06-12 12:39:38.378378,V-01,541.39,7.53,-62.17,39.75,89.33,32.78,1,0
2023-06-13 12:41:04.864864,V-01,468.63,12.6,-64.84,27.52,76.46,20.75,2,0
2023-06-14 12:42:31.351351,V-01,472.67,7.51,-60.0,30.87,89.64,38.78,2,0
2023-06-15 12:43:57.837837,V-01,357.04,8.6,-51.52,36.55,63.91,18.98,2,0
2023-06-16 12:45:24.324324,V-01,545.57,9.97,-66.29,28.93,58.78,16.55,1,0
2023-06-17 12:46:50.810810,V-01,496.56,6.82,-59.16,51.62,60.15,29.56,1,0
2023-06-18 12:48:17.297297,V-01,478.94,12.66,-59.14,43.54,82.63,25.09,2,0
2023-06-19 12:49:43.783783,V-01,443.17,11.41,-63.05,31.72,89.32,10.83,0,0
2023-06-20 12:51:10.270270,V-01,500.78,12.45,-55.64,52.18,92.87,25.68,1,0
2023-06-21 12:52:36.756756,V-01,478.64,9.9,-52.7,45.31,85.45,26.62,0,0
2023-06-22 12:54:03.243243,V-01,535.65,8.88,-67.21,55.8,57.16,19.12,2,0
2023-06-23 12:55:29.729729,V-01,443.15,11.21,-67.13,56.62,57.56,35.31,1,0
2023-06-24 12:56:56.216216,V-01,551.71,11.0,-64.17,53.94,72.91,29.4,1,0
2023-06-25 12:58:22.702702,V-01,479.79,10.72,-56.03,24.25,71.67,21.64,2,0
2023-06-26 12:59:49.189189,V-01,541.41,9.61,-57.18,53.26,72.12,25.0,0,0
2023-06-27 13:01:15.675675,V-01,562.86,11.4,-62.96,56.15,92.9,19.35,0,0
2023-06-28 13:02:42.162162,V-01,484.86,12.65,-65.75,50.9,90.75,24.62,0,0
2023-06-29 13:04:08.648648,V-01,481.85,7.57,-59.21,41.05,97.71,25.03,1,0
2023-06-30 13:05:35.135135,V-01,501.98,10.67,-64.33,55.65,84.75,36.59,1,0
2023-07-01 13:07:01.621621,V-01,483.4,8.24,-60.24,48.66,62.82,25.34,2,0
2023-07-02 13:08:28.108108,V-01,547.58,8.98,-64.9,33.69,80.55,25.66,2,0
2023-07-03 13:09:54.594594,V-01,499.69,10.66,-63.58,30.21,87.05,12.2,0,0
2023-07-04 13:11:21.081081,V-01,594.08,10.51,-68.26,33.83,98.88,20.4,1,0
2023-07-05 13:12:47.567567,V-01,563.41,10.31,-64.22,39.34,72.55,18.12,2,0
2023-07-06 13:14:14.054054,V-01,527.51,12.17,-60.44,54.43,86.52,35.04,0,0
2023-07-07 13:15:40.540540,V-01,492.99,7.88,-61.9,43.53,55.78,28.45,0,0
2023-07-08 13:17:07.027027,V-01,584.84,8.23,-54.35,34.04,93.45,26.57,0,0
2023-07-09 13:18:33.513513,V-01,578.53,8.74,-67.98,36.5,76.5,27.31,1,0
2023-07-10 13:20:00.000000,V-01,462.98,11.24,-60.07,22.4,67.2,16.78,2,0
2023-07-11 13:21:26.486486,V-01,469.2,7.37,-67.49,24.91,80.33,14.41,1,0
2023-07-12 13:22:52.972972,V-01,439.54,8.78,-59.49,59.62,70.4,15.73,0,0
2023-07-13 13:24:19.459459,V-01,541.5,10.7,-55.28,28.6,97.46,38.34,1,0
2023-07-14 13:25:45.945945,V-01,546.5,9.02,-53.08,35.61,77.5,38.55,2,0
2023-07-15 13:27:12.432432,V-01,432.73,12.95,-59.23,36.01,87.01,34.89,2,0
2023-07-16 13:28:38.918918,V-01,596.44,10.75,-59.09,22.89,56.67,19.4,1,0
2023-07-17 13:30:05.405405,V-01,527.4,7.18,-64.42,57.52,81.49,11.91,0,0
2023-07-18 13:31:31.891891,V-01,548.47,10.9,-62.89,44.25,58.59,16.94,0,0
2023-07-19 13:32:58.378378,V-01,619.72,12.95,-61.99,48.31,96.35,33.67,0,0
2023-07-20 13:34:24.864864,V-01,522.81,9.9,-54.5,53.0,67.15,15.3,2,0
2023-07-21 13:35:51.351351,V-01,547.58,10.92,-53.91,25.75,80.82,36.98,1,0
2023-07-22 13:37:17.837837,V-01,557.08,11.13,-58.49,40.48,85.83,14.38,1,0
2023-07-23 13:38:44.324324,V-01,483.12,7.51,-57.3,56.31,69.12,19.31,1,0
2023-07-24 13:40:10.810810,V-01,421.24,11.47,-61.37,29.09,99.18,30.89,2,0
2023-07-25 13:41:37.297297,V-01,555.32,13.22,-47.32,24.26,89.82,39.15,1,0
2023-07-26 13:43:03.783783,V-01,530.79,7.8,-63.64,47.21,85.22,16.57,1,0
2023-07-27 13:44:30.270270,V-01,511.56,7.47,-66.43,20.29,62.58,29.83,2,0
2023-07-28 13:45:56.756756,V-01,407.09,10.07,-62.72,21.06,83.31,30.8,0,0
2023-07-29 13:47:23.243243,V-01,499.35,10.44,-53.7,47.07,62.38,32.3,2,0
2023-07-30 13:48:49.729729,V-01,477.55,9.38,-59.7,33.33,66.08,21.64,0,0
2023-07-31 13:50:16.216216,V-01,565.68,13.27,-53.15,27.31,64.29,36.28,2,0
2023-08-01 13:51:42.702702,V-01,517.27,10.02,-58.4,46.59,55.02,34.47,1,0
2023-08-02 13:53:09.189189,V-01,468.44,9.1,-59.52,59.67,66.55,39.73,0,0
2023-08-03 13:54:35.675675,V-01,497.76,9.74,-57.15,40.93,65.52,21.28,0,0
2023-08-04 13:56:02.162162,V-01,516.0,9.91,-58.18,38.46,55.52,16.87,2,0
2023-08-05 13:57:28.648648,V-01,467.12,11.5,-63.2,57.32,65.06,10.95,2,0
2023-08-06 13:58:55.135135,V-01,631.09,9.23,-59.15,47.4,93.65,24.43,1,0
2023-08-07 14:00:21.621621,V-01,510.81,8.75,-58.13,46.47,92.32,29.29,1,0
2023-08-08 14:01:48.108108,V-01,506.85,7.02,-61.76,46.02,85.71,26.08,1,0
2023-08-09 14:03:14.594594,V-01,492.51,8.7,-68.36,43.97,75.09,19.66,1,0
2023-08-10 14:04:41.081081,V-01,472.82,14.55,-56.12,29.15,82.87,18.68,0,0
2023-08-11 14:06:07.567567,V-01,445.15,11.23,-53.21,32.57,99.6,27.39,0,0
2023-08-12 14:07:34.054054,V-01,588.92,10.64,-59.09,28.73,59.36,25.59,0,0
2023-08-13 14:09:00.540540,V-01,554.41,10.2,-53.35,52.02,91.4,36.92,1,0
2023-08-14 14:10:27.027027,V-01,503.58,12.65,-63.04,38.51,69.18,38.46,0,0
2023-08-15 14:11:53.513513,V-01,490.39,13.41,-60.98,37.77,68.87,23.92,0,0
2023-08-16 14:13:20.000000,V-01,493.58,8.77,-62.78,48.88,82.37,35.79,2,0
2023-08-17 14:14:46.486486,V-01,455.67,10.93,-58.81,40.19,61.18,14.06,1,0
2023-08-18 14:16:12.972972,V-01,507.28,6.83,-62.59,52.83,62.83,12.9,1,0
2023-08-19 14:17:39.459459,V-01,426.68,11.61,-52.0,27.01,54.93,11.19,1,0
2023-08-20 14:19:05.945945,V-01,524.98,9.45,-63.9,33.28,86.76,17.38,1,0
2023-08-21 14:20:32.432432,V-01,453.75,8.49,-61.67,20.76,67.88,37.57,2,0
2023-08-22 14:21:58.918918,V-01,423.51,10.08,-64.57,20.76,88.31,39.54,1,0
2023-08-23 14:23:25.405405,V-01,494.23,7.92,-60.73,40.61,92.17,30.8,0,0
2023-08-24 14:24:51.891891,V-01,535.94,10.42,-62.04,46.95,89.48,20.05,2,0
2023-08-25 14:26:18.378378,V-01,573.31,9.64,-53.93,30.2,84.17,32.96,2,0
2023-08-26 14:27:44.864864,V-01,425.83,8.17,-56.89,55.33,68.9,18.91,0,0
2023-08-27 14:29:11.351351,V-01,498.91,5.53,-63.09,23.29,65.42,33.19,2,0
2023-08-28 14:30:37.837837,V-01,490.37,7.2,-51.46,37.83,63.55,24.93,0,0
2023-08-29 14:32:04.324324,V-01,520.15,13.62,-54.42,35.87,76.06,16.63,2,0
2023-08-30 14:33:30.810810,V-01,468.72,9.42,-58.16,54.1,89.35,17.07,0,0
2023-08-31 14:34:57.297297,V-01,562.61,9.83,-56.96,56.75,52.44,35.51,1,0
2023-09-01 14:36:23.783783,V-01,475.46,10.33,-57.92,27.57,90.09,25.74,2,0
2023-09-02 14:37:50.270270,V-01,460.71,14.49,-64.06,55.59,98.14,22.89,1,0
2023-09-03 14:39:16.756756,V-01,509.18,11.16,-59.14,55.3,88.24,10.56,0,0
2023-09-04 14:40:43.243243,V-01,545.68,11.82,-65.22,49.85,60.76,21.24,0,0
2023-09-05 14:42:09.729729,V-01,575.42,9.27,-50.65,40.65,69.42,38.59,2,0
2023-09-06 14:43:36.216216,V-01,560.24,14.28,-54.63,31.87,64.86,19.54,1,0
2023-09-07 14:45:02.702702,V-01,399.53,8.96,-57.74,55.52,93.31,19.97,0,0
2023-09-08 14:46:29.189189,V-01,515.22,9.04,-58.9,55.4,91.48,36.7,1,0
2023-09-09 14:47:55.675675,V-01,464.28,7.14,-66.17,43.96,91.05,20.72,2,0
2023-09-10 14:49:22.162162,V-01,528.37,11.06,-54.37,23.95,53.13,27.23,0,0
2023-09-11 14:50:48.648648,V-01,421.62,7.47,-63.74,39.57,90.01,31.47,0,0
2023-09-12 14:52:15.135135,V-01,496.38,10.81,-57.03,27.41,94.73,16.82,2,0
2023-09-13 14:53:41.621621,V-01,551.47,8.97,-59.42,28.2,92.15,21.02,1,0
2023-09-14 14:55:08.108108,V-01,540.03,11.14,-65.07,21.95,69.91,25.23,2,0
2023-09-15 14:56:34.594594,V-01,537.64,9.0,-65.17,48.82,81.65,34.84,2,0
2023-09-16 14:58:01.081081,V-01,466.82,8.5,-57.53,56.52,70.36,30.86,1,0
2023-09-17 14:59:27.567567,V-01,469.26,8.53,-55.36,20.28,86.9,27.97,0,0
2023-09-18 15:00:54.054054,V-01,468.32,12.94,-65.72,23.73,94.2,32.31,1,0
2023-09-19 15:02:20.540540,V-01,529.67,13.79,-64.23,24.92,73.19,25.44,1,0
2023-09-20 15:03:47.027027,V-01,465.13,9.86,-46.62,23.87,98.51,39.68,1,0
2023-09-21 15:05:13.513513,V-01,555.05,9.53,-59.33,21.15,55.48,21.19,1,0
2023-09-22 15:06:40.000000,V-01,522.74,10.53,-70.4,51.44,71.36,26.49,2,0
2023-09-23 15:08:06.486486,V-01,555.41,12.72,-58.06,44.98,68.5,15.62,1,0
2023-09-24 15:09:32.972972,V-01,548.36,7.09,-61.19,49.0,79.96,18.45,2,0
2023-09-25 15:10:59.459459,V-01,469.21,5.79,-63.17,43.24,98.92,28.17,2,0
2023-09-26 15:12:25.945945,V-01,455.14,6.93,-59.67,49.46,96.01,28.47,2,0
2023-09-27 15:13:52.432432,V-01,495.2,9.35,-58.53,48.3,52.57,19.23,0,0
2023-09-28 15:15:18.918918,V-01,516.73,6.7,-63.42,42.73,50.78,10.91,2,0
2023-09-29 15:16:45.405405,V-01,485.48,10.8,-59.55,45.94,74.75,25.41,1,0
2023-09-30 15:18:11.891891,V-01,466.04,9.17,-59.62,38.68,80.15,35.45,1,0
2023-10-01 15:19:38.378378,V-01,510.7,11.78,-53.89,36.93,96.8,26.77,1,0
2023-10-02 15:21:04.864864,V-01,607.79,7.93,-65.37,38.52,78.98,31.6,0,0
2023-10-03 15:22:31.351351,V-01,533.03,13.76,-65.62,24.39,73.85,30.11,2,0
2023-10-04 15:23:57.837837,V-01,500.74,12.72,-59.82,24.37,59.33,18.11,2,0
2023-10-05 15:25:24.324324,V-01,564.53,8.15,-67.54,27.22,50.75,38.19,1,0
2023-10-06 15:26:50.810810,V-01,572.18,9.53,-58.53,56.32,87.69,28.83,0,0
2023-10-07 15:28:17.297297,V-01,458.21,10.86,-58.22,41.05,62.45,21.09,1,0
2023-10-08 15:29:43.783783,V-01,419.69,7.74,-57.02,36.67,53.62,14.78,0,0
2023-10-09 15:31:10.270270,V-01,479.6,10.67,-59.44,20.46,99.31,17.95,2,0
2023-10-10 15:32:36.756756,V-01,489.84,10.65,-52.69,54.64,94.0,31.1,2,0
2023-10-11 15:34:03.243243,V-01,568.44,9.27,-59.34,24.92,80.88,30.45,0,0
2023-10-12 15:35:29.729729,V-01,422.82,6.81,-58.07,59.83,93.36,21.5,0,0
2023-10-13 15:36:56.216216,V-01,457.21,11.63,-50.97,35.21,70.04,22.28,2,0
2023-10-14 15:38:22.702702,V-01,571.31,10.91,-66.45,37.27,60.64,37.66,1,0
2023-10-15 15:39:49.189189,V-01,502.18,10.83,-64.22,26.7,78.58,26.21,2,0
2023-10-16 15:41:15.675675,V-01,507.48,9.91,-52.83,48.26,94.82,11.7,1,0
2023-10-17 15:42:42.162162,V-01,514.92,10.92,-56.52,27.93,59.23,34.28,2,0
2023-10-18 15:44:08.648648,V-01,579.84,10.13,-72.5,40.36,81.15,18.75,0,0
2023-10-19 15:45:35.135135,V-01,470.88,6.54,-62.36,47.45,66.03,20.36,1,0
2023-10-20 15:47:01.621621,V-01,526.76,13.31,-65.33,48.89,75.56,35.34,2,0
2023-10-21 15:48:28.108108,V-01,510.62,11.33,-62.05,22.59,53.98,21.57,1,0
2023-10-22 15:49:54.594594,V-01,549.89,11.77,-61.29,57.67,98.67,18.81,0,0
2023-10-23 15:51:21.081081,V-01,488.62,8.6,-56.03,49.71,84.25,16.06,0,0
2023-10-24 15:52:47.567567,V-01,604.97,12.68,-54.4,40.18,71.89,27.63,2,0
2023-10-25 15:54:14.054054,V-01,542.44,11.38,-49.72,55.04,84.06,25.63,0,0
2023-10-26 15:55:40.540540,V-01,526.24,11.77,-55.22,40.25,52.21,11.39,0,0
2023-10-27 15:57:07.027027,V-01,518.78,10.63,-66.69,46.17,91.0,15.31,2,0
2023-10-28 15:58:33.513513,V-01,432.2,10.73,-58.85,33.14,93.16,38.99,2,0
2023-10-29 16:00:00.000000,V-01,467.46,9.73,-50.89,45.19,79.45,18.8,2,0
2023-10-30 16:01:26.486486,V-01,483.28,8.14,-50.61,56.71,98.37,39.33,1,0
2023-10-31 16:02:52.972972,V-01,491.78,12.29,-64.61,37.16,92.19,14.17,0,0
2023-11-01 16:04:19.459459,V-01,534.19,10.02,-60.2,37.49,76.67,12.68,1,0
2023-11-02 16:05:45.945945,V-01,538.75,7.96,-57.94,28.83,67.21,30.47,2,0
2023-11-03 16:07:12.432432,V-01,562.0,10.56,-54.13,30.95,83.23,38.18,1,0
2023-11-04 16:08:38.918918,V-01,520.35,6.29,-57.59,22.67,63.62,30.65,0,0
2023-11-05 16:10:05.405405,V-01,476.54,12.71,-69.49,24.8,88.39,24.48,0,0
2023-11-06 16:11:31.891891,V-01,566.51,13.43,-49.57,50.31,90.44,31.62,1,0
2023-11-07 16:12:58.378378,V-01,485.43,10.97,-56.47,42.48,62.78,34.72,2,0
2023-11-08 16:14:24.864864,V-01,445.83,10.62,-69.63,38.92,93.49,19.06,0,0
2023-11-09 16:15:51.351351,V-01,567.52,7.0,-62.5,59.35,65.78,26.69,1,0
2023-11-10 16:17:17.837837,V-01,575.56,9.03,-60.41,20.58,96.67,39.53,2,0
2023-11-11 16:18:44.324324,V-01,440.75,8.29,-67.0,42.95,84.96,16.21,0,0
2023-11-12 16:20:10.810810,V-01,530.84,8.78,-56.03,59.39,59.81,28.56,2,0
2023-11-13 16:21:37.297297,V-01,569.81,12.37,-66.99,39.7,77.87,28.89,2,0
2023-11-14 16:23:03.783783,V-01,487.27,7.68,-60.73,34.3,65.48,30.11,0,0
2023-11-15 16:24:30.270270,V-01,508.06,13.19,-57.77,36.85,69.04,27.17,0,0
2023-11-16 16:25:56.756756,V-01,502.84,7.61,-57.1,25.76,58.6,21.19,0,0
2023-11-17 16:27:23.243243,V-01,512.26,9.32,-56.94,22.97,51.7,22.02,0,0
2023-11-18 16:28:49.729729,V-01,466.05,10.97,-63.24,20.92,72.04,16.42,2,0
2023-11-19 16:30:16.216216,V-01,560.8,9.76,-60.83,28.75,90.28,30.61,2,0
2023-11-20 16:31:42.702702,V-01,466.06,11.46,-59.83,27.97,79.17,37.46,0,0
2023-11-21 16:33:09.189189,V-01,484.07,9.01,-66.91,39.38,75.39,36.47,0,0
2023-11-22 16:34:35.675675,V-01,651.04,9.66,-62.95,27.3,73.14,37.84,2,0
2023-11-23 16:36:02.162162,V-01,561.42,10.92,-66.27,23.94,55.17,17.85,0,0
2023-11-24 16:37:28.648648,V-01,466.58,7.72,-60.01,30.29,96.96,22.16,2,0
2023-11-25 16:38:55.135135,V-01,549.23,9.87,-59.0,39.12,59.88,11.79,2,0
2023-11-26 16:40:21.621621,V-01,451.92,8.29,-61.27,38.2,73.1,30.9,1,0
2023-11-27 16:41:48.108108,V-01,507.74,11.51,-51.76,58.32,96.0,24.72,0,0
2023-11-28 16:43:14.594594,V-01,566.41,9.48,-71.46,49.39,63.78,33.97,2,0
2023-11-29 16:44:41.081081,V-01,478.12,7.95,-61.99,40.91,99.97,38.86,2,0
2023-11-30 16:46:07.567567,V-01,450.77,7.22,-60.03,49.68,63.0,14.11,0,0
2023-12-01 16:47:34.054054,V-01,439.36,8.23,-68.67,20.66,56.39,39.42,1,0
2023-12-02 16:49:00.540540,V-01,570.41,8.73,-58.63,40.44,90.23,30.28,2,0
2023-12-03 16:50:27.027027,V-01,461.31,11.01,-51.66,25.47,52.82,29.46,1,0
2023-12-04 16:51:53.513513,V-01,440.84,10.01,-63.28,24.62,85.74,20.22,1,0
2023-12-05 16:53:19.999999,V-01,510.64,7.3,-60.09,50.34,90.41,10.63,0,0
2023-12-06 16:54:46.486486,V-01,525.2,7.36,-60.0,45.59,95.05,16.59,2,0
2023-12-07 16:56:12.972972,V-01,527.06,10.2,-60.36,23.48,96.12,20.99,2,0
2023-12-08 16:57:39.459459,V-01,483.78,10.36,-59.24,34.3,75.84,21.13,2,0
2023-12-09 16:59:05.945945,V-01,603.78,12.64,-70.13,24.21,89.15,17.84,0,0
2023-12-10 17:00:32.432432,V-01,436.78,9.96,-51.13,27.95,74.68,28.31,1,0
2023-12-11 17:01:58.918918,V-01,490.45,11.78,-59.51,45.31,85.24,39.28,2,0
2023-12-12 17:03:25.405405,V-01,516.46,10.69,-55.11,39.98,58.82,24.83,0,0
2023-12-13 17:04:51.891891,V-01,521.02,11.51,-56.34,36.77,52.15,25.73,1,0
2023-12-14 17:06:18.378378,V-01,505.57,6.01,-61.37,57.05,68.79,15.82,0,0
2023-12-15 17:07:44.864864,V-01,526.2,13.49,-56.65,44.97,61.53,29.02,2,0
2023-12-16 17:09:11.351351,V-01,627.9,12.66,-68.73,56.1,52.27,12.73,2,0
2023-12-17 17:10:37.837837,V-01,548.19,15.11,-65.53,53.39,68.06,12.88,1,0
2023-12-18 17:12:04.324324,V-01,571.41,8.52,-57.41,29.12,68.41,10.8,0,0
2023-12-19 17:13:30.810810,V-01,609.11,9.62,-64.22,59.82,55.22,19.84,0,0
2023-12-20 17:14:57.297297,V-01,462.32,11.0,-62.33,33.03,63.45,31.79,1,0
2023-12-21 17:16:23.783783,V-01,506.95,9.2,-65.78,53.59,78.59,18.45,0,0
2023-12-22 17:17:50.270270,V-01,514.91,8.44,-53.6,25.58,90.05,24.09,1,0
2023-12-23 17:19:16.756756,V-01,541.37,14.62,-54.58,33.79,77.78,16.92,0,0
2023-12-24 17:20:43.243243,V-01,540.14,10.94,-64.3,29.36,72.25,26.52,0,0
2023-12-25 17:22:09.729729,V-01,543.43,11.34,-60.09,59.98,93.68,28.87,1,0
2023-12-26 17:23:36.216216,V-01,503.49,11.05,-57.45,24.06,51.42,27.08,1,0
2023-12-27 17:25:02.702702,V-01,470.74,10.13,-58.44,58.06,51.89,23.11,1,0
2023-12-28 17:26:29.189189,V-01,474.52,11.88,-59.25,42.26,57.94,16.77,0,0
2023-12-29 17:27:55.675675,V-01,546.5,10.42,-55.9,53.86,61.91,37.2,2,0
2023-12-30 17:29:22.162162,V-01,418.88,8.0,-62.81,41.24,83.75,30.75,2,0
2023-12-31 17:30:48.648648,V-01,467.14,10.01,-51.66,38.34,61.17,28.08,0,0
2024-01-01 17:32:15.135135,V-01,595.22,8.22,-62.42,52.57,99.57,36.74,0,0
2024-01-02 17:33:41.621621,V-01,534.93,7.37,-63.77,55.6,67.98,32.51,0,0
2024-01-03 17:35:08.108108,V-01,640.74,12.2,-60.89,57.18,70.11,18.01,2,0
2024-01-04 17:36:34.594594,V-01,503.18,9.24,-60.66,53.64,69.17,19.03,1,0
2024-01-05 17:38:01.081081,V-01,474.83,9.93,-60.3,44.4,56.73,38.43,2,0
2024-01-06 17:39:27.567567,V-01,620.06,9.95,-60.96,33.62,61.77,14.08,0,0
2024-01-07 17:40:54.054054,V-01,525.61,13.83,-55.62,20.13,82.22,29.39,1,0
2024-01-08 17:42:20.540540,V-01,523.57,7.6,-67.31,30.86,72.45,32.82,1,0
2024-01-09 17:43:47.027027,V-01,516.0,13.34,-59.69,54.5,64.75,34.51,0,0
2024-01-10 17:45:13.513513,V-01,491.34,10.04,-58.07,39.66,76.85,24.05,1,0
2024-01-11 17:46:39.999999,V-01,546.86,7.58,-61.38,51.62,94.48,33.66,2,0
2024-01-12 17:48:06.486486,V-01,549.83,9.93,-60.02,46.87,65.56,30.51,2,0
2024-01-13 17:49:32.972972,V-01,569.08,11.02,-55.51,49.62,75.36,37.87,2,0
2024-01-14 17:50:59.459459,V-01,452.87,6.55,-51.16,39.21,75.79,31.66,2,0
2024-01-15 17:52:25.945945,V-01,562.02,8.37,-62.6,49.07,66.92,26.97,2,0
2024-01-16 17:53:52.432432,V-01,549.9,9.6,-63.57,52.37,73.63,29.62,2,0
2024-01-17 17:55:18.918918,V-01,490.26,6.34,-57.37,36.24,57.93,32.67,2,0
2024-01-18 17:56:45.405405,V-01,598.17,9.89,-68.87,37.35,86.1,16.47,1,0
2024-01-19 17:58:11.891891,V-01,550.09,12.49,-56.26,30.3,61.94,39.37,1,0
2024-01-20 17:59:38.378378,V-01,516.15,9.76,-52.81,51.0,86.26,10.72,2,0
2024-01-21 18:01:04.864864,V-01,529.3,10.04,-64.66,34.15,93.05,20.98,2,0
2024-01-22 18:02:31.351351,V-01,552.39,6.5,-59.49,55.87,60.3,16.23,1,0
2024-01-23 18:03:57.837837,V-01,511.54,9.65,-55.7,48.02,52.37,10.95,0,0
2024-01-24 18:05:24.324324,V-01,526.42,5.8,-67.01,23.72,57.95,13.78,1,0
2024-01-25 18:06:50.810810,V-01,528.14,10.09,-52.6,21.68,98.41,18.61,2,0
2024-01-26 18:08:17.297297,V-01,521.7,8.64,-61.57,35.7,52.34,22.21,0,0
2024-01-27 18:09:43.783783,V-01,593.21,10.04,-58.01,40.92,54.23,39.23,2,0
2024-01-28 18:11:10.270270,V-01,424.04,13.16,-62.12,54.21,72.69,36.27,1,0
2024-01-29 18:12:36.756756,V-01,481.16,10.51,-61.18,54.62,97.47,38.53,1,0
2024-01-30 18:14:03.243243,V-01,533.84,6.57,-56.68,58.23,62.22,38.4,2,0
2024-01-31 18:15:29.729729,V-01,551.33,10.49,-57.96,53.88,71.55,24.34,2,0
2024-02-01 18:16:56.216216,V-01,508.68,7.92,-61.77,27.66,73.63,29.7,2,0
2024-02-02 18:18:22.702702,V-01,531.19,11.42,-58.66,35.85,99.67,30.98,0,0
2024-02-03 18:19:49.189189,V-01,489.96,8.54,-64.06,38.12,74.0,32.61,1,0
2024-02-04 18:21:15.675675,V-01,505.83,10.74,-55.07,41.95,56.34,34.06,0,0
2024-02-05 18:22:42.162162,V-01,457.5,9.05,-65.54,57.43,93.36,34.98,1,0
2024-02-06 18:24:08.648648,V-01,545.06,6.74,-67.62,43.26,90.34,24.39,2,0
2024-02-07 18:25:35.135135,V-01,601.39,13.0,-58.49,33.89,71.97,21.8,1,0
2024-02-08 18:27:01.621621,V-01,576.56,7.16,-55.5,46.55,65.83,30.57,0,0
2024-02-09 18:28:28.108108,V-01,607.26,12.77,-46.81,34.87,70.74,27.78,1,0
2024-02-10 18:29:54.594594,V-01,492.18,8.72,-57.57,56.46,61.88,16.67,0,0
2024-02-11 18:31:21.081081,V-01,550.83,6.45,-63.12,41.68,94.55,14.84,2,0
2024-02-12 18:32:47.567567,V-01,484.38,8.06,-56.21,41.72,85.69,10.76,1,0
2024-02-13 18:34:14.054054,V-01,502.55,5.96,-61.52,56.27,98.17,32.15,1,0
2024-02-14 18:35:40.540540,V-01,474.65,8.82,-61.53,27.62,58.94,22.2,1,0
2024-02-15 18:37:07.027027,V-01,447.16,6.21,-56.71,31.62,90.98,35.3,1,0
2024-02-16 18:38:33.513513,V-01,479.65,6.59,-74.3,39.77,95.95,26.23,2,0
2024-02-17 18:39:59.999999,V-01,479.12,6.06,-55.91,48.66,72.77,32.89,0,0
2024-02-18 18:41:26.486486,V-01,510.78,8.3,-61.39,55.06,73.36,21.42,0,0
2024-02-19 18:42:52.972972,V-01,449.91,6.54,-49.35,23.73,56.12,34.61,2,0
2024-02-20 18:44:19.459459,V-01,548.17,10.05,-62.14,35.29,78.48,38.14,0,0
2024-02-21 18:45:45.945945,V-01,520.4,7.74,-61.82,35.6,65.53,25.1,0,0
2024-02-22 18:47:12.432432,V-01,433.64,8.38,-58.0,23.65,56.18,11.59,1,0
2024-02-23 18:48:38.918918,V-01,525.47,11.68,-62.92,59.54,83.82,22.75,0,0
2024-02-24 18:50:05.405405,V-01,512.05,7.98,-62.96,25.14,54.0,11.15,1,0
2024-02-25 18:51:31.891891,V-01,523.49,12.43,-67.39,21.67,97.83,29.4,0,0
2024-02-26 18:52:58.378378,V-01,535.77,8.88,-70.84,59.99,80.46,27.89,1,0
2024-02-27 18:54:24.864864,V-01,480.51,10.09,-64.84,38.0,72.97,35.73,2,0
2024-02-28 18:55:51.351351,V-01,479.87,12.02,-66.01,59.3,57.88,37.0,1,0
2024-02-29 18:57:17.837837,V-01,467.78,10.39,-65.8,46.1,60.1,17.75,2,0
2024-03-01 18:58:44.324324,V-01,460.68,10.55,-53.46,59.56,70.51,16.39,0,0
2024-03-02 19:00:10.810810,V-01,511.49,8.43,-53.85,31.25,90.55,32.97,2,0
2024-03-03 19:01:37.297297,V-01,458.4,9.72,-55.69,44.58,79.85,27.07,0,0
2024-03-04 19:03:03.783783,V-01,498.86,11.1,-61.03,39.25,68.41,26.42,2,0
2024-03-05 19:04:30.270270,V-01,526.97,11.79,-62.35,34.76,53.52,29.63,2,0
2024-03-06 19:05:56.756756,V-01,580.85,11.07,-64.35,50.42,97.4,11.25,2,0
2024-03-07 19:07:23.243243,V-01,486.41,7.47,-51.74,34.38,62.14,29.78,0,0
2024-03-08 19:08:49.729729,V-01,469.3,3.47,-50.83,39.34,75.53,31.59,1,0
2024-03-09 19:10:16.216216,V-01,437.88,11.69,-66.84,21.29,75.34,12.91,1,0
2024-03-10 19:11:42.702702,V-01,572.55,10.68,-56.41,20.88,70.15,20.9,0,0
2024-03-11 19:13:09.189189,V-01,569.7,12.86,-62.81,49.77,58.13,21.66,1,0
2024-03-12 19:14:35.675675,V-01,507.98,10.61,-59.06,43.02,82.99,33.34,2,0
2024-03-13 19:16:02.162162,V-01,423.74,7.65,-48.03,38.46,99.13,36.37,0,0
2024-03-14 19:17:28.648648,V-01,544.51,10.63,-65.29,51.93,51.47,10.59,1,0
2024-03-15 19:18:55.135135,V-01,498.16,11.07,-58.01,50.36,55.15,23.54,2,0
2024-03-16 19:20:21.621621,V-01,527.7,11.21,-63.28,33.7,97.08,32.5,0,0
2024-03-17 19:21:48.108108,V-01,518.02,8.55,-55.76,20.11,54.3,10.64,0,0
2024-03-18 19:23:14.594594,V-01,503.56,12.18,-59.55,25.51,95.07,25.85,0,0
2024-03-19 19:24:41.081081,V-01,475.04,10.28,-67.02,24.34,91.46,29.86,1,0
2024-03-20 19:26:07.567567,V-01,543.63,11.28,-66.29,22.36,75.29,35.61,0,0
2024-03-21 19:27:34.054054,V-01,448.69,7.19,-51.01,31.1,86.47,25.52,0,0
2024-03-22 19:29:00.540540,V-01,532.56,7.17,-59.61,39.21,78.76,13.55,0,0
2024-03-23 19:30:27.027027,V-01,549.11,5.89,-56.74,23.92,68.17,22.15,2,0
2024-03-24 19:31:53.513513,V-01,479.92,9.17,-49.17,56.44,80.56,25.37,0,0
2024-03-25 19:33:20.000000,V-01,346.3,8.76,-56.51,51.93,81.54,37.26,2,0
2024-03-26 19:34:46.486486,V-01,566.98,11.17,-64.26,22.33,79.16,29.85,2,0
2024-03-27 19:36:12.972972,V-01,517.48,9.4,-58.13,32.9,86.79,18.24,2,0
2024-03-28 19:37:39.459459,V-01,536.22,7.56,-63.16,29.26,93.69,25.47,2,0
2024-03-29 19:39:05.945945,V-01,562.66,5.33,-63.78,20.31,90.73,38.89,2,0
2024-03-30 19:40:32.432432,V-01,553.84,14.23,-62.37,22.29,85.96,33.52,2,0
2024-03-31 19:41:58.918918,V-01,518.43,11.24,-61.17,28.69,64.03,31.97,1,0
2024-04-01 19:43:25.405405,V-01,394.6,8.76,-66.03,49.81,65.01,18.11,0,0
2024-04-02 19:44:51.891891,V-01,491.97,7.1,-59.98,29.85,98.39,38.02,2,0
2024-04-03 19:46:18.378378,V-01,428.38,12.56,-67.2,50.99,95.93,25.14,1,0
2024-04-04 19:47:44.864864,V-01,548.53,8.5,-62.23,29.17,56.06,26.73,1,0
2024-04-05 19:49:11.351351,V-01,526.41,9.65,-58.59,30.53,89.8,34.73,0,0
2024-04-06 19:50:37.837837,V-01,516.17,10.24,-65.9,58.27,50.28,19.67,2,0
2024-04-07 19:52:04.324324,V-01,528.12,8.35,-58.6,45.24,99.03,35.56,1,0
2024-04-08 19:53:30.810810,V-01,464.67,9.58,-59.31,32.82,52.29,27.81,1,0
2024-04-09 19:54:57.297297,V-01,559.9,11.69,-65.58,56.86,93.08,33.4,0,0
2024-04-10 19:56:23.783783,V-01,473.11,6.94,-60.46,26.64,59.98,12.87,1,0
2024-04-11 19:57:50.270270,V-01,478.01,6.97,-53.08,49.36,76.8,35.98,2,0
2024-04-12 19:59:16.756756,V-01,531.16,8.83,-63.55,35.62,61.97,18.26,2,0
2024-04-13 20:00:43.243243,V-01,543.35,6.53,-61.48,23.45,88.48,35.49,1,0
2024-04-14 20:02:09.729729,V-01,567.47,7.95,-57.38,56.05,76.74,13.22,0,0
2024-04-15 20:03:36.216216,V-01,503.35,8.61,-67.02,45.24,84.9,26.7,1,0
2024-04-16 20:05:02.702702,V-01,484.13,7.33,-53.22,26.78,83.21,15.03,1,0
2024-04-17 20:06:29.189189,V-01,567.23,8.77,-56.38,58.35,69.86,12.36,1,0
2024-04-18 20:07:55.675675,V-01,532.81,7.82,-56.23,54.98,64.68,33.82,2,0
2024-04-19 20:09:22.162162,V-01,518.03,10.7,-65.61,21.63,53.65,39.43,2,0
2024-04-20 20:10:48.648648,V-01,604.68,9.1,-56.26,40.73,80.64,36.02,0,0
2024-04-21 20:12:15.135135,V-01,536.15,10.29,-69.57,22.13,54.01,22.24,0,0
2024-04-22 20:13:41.621621,V-01,546.38,8.22,-61.93,47.43,97.93,11.0,0,0
2024-04-23 20:15:08.108108,V-01,474.92,10.79,-56.11,59.53,81.44,11.77,0,0
2024-04-24 20:16:34.594594,V-01,524.07,9.02,-66.1,37.58,89.24,20.92,0,0
2024-04-25 20:18:01.081081,V-01,507.86,8.74,-55.79,30.52,96.04,30.93,1,0
2024-04-26 20:19:27.567567,V-01,557.94,11.33,-59.07,59.68,95.25,18.85,1,0
2024-04-27 20:20:54.054054,V-01,515.74,13.06,-52.17,51.75,50.34,17.83,0,0
2024-04-28 20:22:20.540540,V-01,446.61,9.36,-66.66,20.09,99.65,37.98,2,0
2024-04-29 20:23:47.027027,V-01,507.34,8.7,-60.71,52.2,63.74,37.12,1,0
2024-04-30 20:25:13.513513,V-01,474.02,12.06,-54.59,56.96,83.67,26.28,1,0
2024-05-01 20:26:40.000000,V-01,512.78,9.83,-64.85,48.12,92.95,37.08,1,0
2024-05-02 20:28:06.486486,V-01,536.84,11.0,-57.48,42.26,56.52,36.37,0,0
2024-05-03 20:29:32.972972,V-01,528.32,7.53,-64.03,51.42,86.87,21.74,1,0
2024-05-04 20:30:59.459459,V-01,572.66,8.51,-52.46,45.85,70.9,31.48,2,0
2024-05-05 20:32:25.945945,V-01,473.88,6.48,-64.22,24.96,64.34,34.02,1,0
2024-05-06 20:33:52.432432,V-01,564.23,9.24,-54.86,38.59,78.69,11.7,0,0
2024-05-07 20:35:18.918918,V-01,499.77,9.46,-60.91,36.41,52.45,10.71,0,0
2024-05-08 20:36:45.405405,V-01,530.57,9.7,-61.26,34.81,68.9,32.9,1,0
2024-05-09 20:38:11.891891,V-01,564.73,11.01,-59.41,37.02,79.32,28.3,2,0
2024-05-10 20:39:38.378378,V-01,445.88,9.05,-58.29,48.38,95.63,20.59,0,0
2024-05-11 20:41:04.864864,V-01,571.75,16.07,-61.14,20.78,84.35,13.76,1,0
2024-05-12 20:42:31.351351,V-01,506.35,9.83,-57.32,55.06,74.05,13.4,1,0
2024-05-13 20:43:57.837837,V-01,495.1,10.72,-58.52,44.7,65.2,27.09,0,0
2024-05-14 20:45:24.324324,V-01,422.91,6.57,-59.28,23.62,57.39,10.66,0,0
2024-05-15 20:46:50.810810,V-01,501.53,13.21,-59.27,50.42,59.51,29.68,0,0
2024-05-16 20:48:17.297297,V-01,580.89,7.32,-65.41,49.08,91.59,10.66,2,0
2024-05-17 20:49:43.783783,V-01,437.09,9.25,-60.41,40.19,61.56,28.02,0,0
2024-05-18 20:51:10.270270,V-01,442.44,11.34,-53.35,47.66,72.86,16.55,1,0
2024-05-19 20:52:36.756756,V-01,510.68,14.47,-51.6,26.91,97.52,22.13,0,0
2024-05-20 20:54:03.243243,V-01,453.7,8.5,-58.34,31.53,92.16,15.67,1,0
2024-05-21 20:55:29.729729,V-01,493.48,9.0,-57.02,38.01,66.59,29.69,1,0
2024-05-22 20:56:56.216216,V-01,557.42,9.31,-60.77,31.24,61.07,33.85,0,0
2024-05-23 20:58:22.702702,V-01,545.99,10.79,-59.73,34.15,61.28,34.82,2,0
2024-05-24 20:59:49.189189,V-01,591.4,10.56,-61.41,35.32,63.18,25.34,0,0
2024-05-25 21:01:15.675675,V-01,510.4,9.02,-65.24,59.4,88.97,31.78,1,0
2024-05-26 21:02:42.162162,V-01,513.91,10.47,-59.12,20.55,98.29,23.02,1,0
2024-05-27 21:04:08.648648,V-01,484.0,11.02,-61.2,47.36,84.63,18.89,2,0
2024-05-28 21:05:35.135135,V-01,596.85,9.78,-65.46,49.73,91.8,14.11,0,0
2024-05-29 21:07:01.621621,V-01,516.48,11.85,-65.64,38.5,68.37,34.8,2,0
2024-05-30 21:08:28.108108,V-01,466.95,10.61,-65.76,43.17,54.59,33.8,2,0
2024-05-31 21:09:54.594594,V-01,485.84,6.94,-57.43,28.62,76.54,18.98,0,0
2024-06-01 21:11:21.081081,V-01,523.15,9.7,-54.63,54.25,71.94,27.04,1,0
2024-06-02 21:12:47.567567,V-01,555.71,11.21,-61.17,21.05,65.5,29.76,2,0
2024-06-03 21:14:14.054054,V-01,440.79,9.67,-67.99,20.94,75.28,34.4,1,0
2024-06-04 21:15:40.540540,V-01,460.87,7.17,-55.2,26.33,74.37,21.1,0,0
2024-06-05 21:17:07.027027,V-01,596.45,8.12,-60.02,30.1,99.66,26.4,1,0
2024-06-06 21:18:33.513513,V-01,485.1,11.13,-58.43,42.9,96.95,31.18,0,0
2024-06-07 21:20:00.000000,V-01,505.66,9.74,-65.22,56.89,65.89,31.28,2,0
2024-06-08 21:21:26.486486,V-01,474.09,9.04,-53.09,47.52,69.0,39.59,1,0
2024-06-09 21:22:52.972972,V-01,547.87,10.77,-60.77,35.3,89.07,39.81,2,0
2024-06-10 21:24:19.459459,V-01,526.38,10.01,-58.49,36.81,72.75,23.0,2,0
2024-06-11 21:25:45.945945,V-01,452.78,9.15,-61.92,51.21,90.85,10.38,0,0
2024-06-12 21:27:12.432432,V-01,493.67,9.0,-60.78,31.13,67.19,10.47,1,0
2024-06-13 21:28:38.918918,V-01,469.38,9.58,-52.54,33.22,60.19,20.41,1,0
2024-06-14 21:30:05.405405,V-01,496.16,9.98,-59.41,31.76,68.58,29.18,1,0
2024-06-15 21:31:31.891891,V-01,567.43,9.67,-65.56,48.71,89.13,26.73,2,0
2024-06-16 21:32:58.378378,V-01,564.66,7.27,-63.01,25.82,73.58,27.88,0,0
2024-06-17 21:34:24.864864,V-01,528.66,13.55,-58.96,58.91,72.24,10.95,2,0
2024-06-18 21:35:51.351351,V-01,476.67,7.75,-64.7,30.9,70.22,37.92,1,0
2024-06-19 21:37:17.837837,V-01,459.3,8.52,-59.44,37.27,67.26,32.25,1,0
2024-06-20 21:38:44.324324,V-01,502.17,10.37,-64.04,23.81,99.54,31.77,0,0
2024-06-21 21:40:10.810810,V-01,453.86,9.69,-58.26,58.2,59.61,15.38,0,0
2024-06-22 21:41:37.297297,V-01,496.61,7.85,-70.07,37.89,87.01,13.6,2,0
2024-06-23 21:43:03.783783,V-01,398.72,8.77,-63.27,23.98,94.81,27.86,1,0
2024-06-24 21:44:30.270270,V-01,547.32,15.11,-60.64,41.26,89.91,21.17,0,0
2024-06-25 21:45:56.756756,V-01,559.56,10.25,-62.29,40.06,57.57,33.18,2,0
2024-06-26 21:47:23.243243,V-01,519.57,10.62,-53.98,24.87,76.84,10.35,0,0
2024-06-27 21:48:49.729729,V-01,482.62,9.71,-61.08,56.74,93.16,14.31,1,0
2024-06-28 21:50:16.216216,V-01,457.81,9.62,-57.87,24.62,61.07,15.41,2,0
2024-06-29 21:51:42.702702,V-01,552.8,10.2,-52.85,47.34,85.25,23.01,0,0
2024-06-30 21:53:09.189189,V-01,616.65,11.15,-67.51,59.28,79.78,38.55,2,0
2024-07-01 21:54:35.675675,V-01,464.01,6.03,-64.01,27.04,85.49,35.26,2,0
2024-07-02 21:56:02.162162,V-01,438.58,9.2,-61.53,28.28,79.33,21.32,2,0
2024-07-03 21:57:28.648648,V-01,468.26,9.76,-59.51,55.78,78.94,20.49,2,0
2024-07-04 21:58:55.135135,V-01,447.21,9.77,-62.85,38.19,80.74,14.4,2,0
2024-07-05 22:00:21.621621,V-01,492.46,10.3,-64.51,58.1,84.04,28.18,2,0
2024-07-06 22:01:48.108108,V-01,539.79,8.67,-61.52,33.98,87.11,25.7,2,0
2024-07-07 22:03:14.594594,V-01,535.96,6.86,-54.9,41.43,61.88,18.22,2,0
2024-07-08 22:04:41.081081,V-01,416.54,6.41,-63.15,23.35,80.91,22.36,0,0
2024-07-09 22:06:07.567567,V-01,488.04,11.1,-63.6,41.09,64.2,11.11,1,0
2024-07-10 22:07:34.054054,V-01,387.75,9.55,-61.33,45.11,83.96,24.81,2,0
2024-07-11 22:09:00.540540,V-01,522.64,5.85,-73.43,58.71,70.59,16.02,1,0
2024-07-12 22:10:27.027027,V-01,476.05,10.6,-64.32,52.06,97.36,24.89,1,0
2024-07-13 22:11:53.513513,V-01,471.93,8.26,-55.44,25.21,57.71,26.09,1,0
2024-07-14 22:13:20.000000,V-01,525.61,6.74,-52.47,31.74,76.47,19.21,1,0
2024-07-15 22:14:46.486486,V-01,458.66,12.31,-56.01,25.33,76.92,28.62,2,0
2024-07-16 22:16:12.972972,V-01,524.87,13.29,-63.61,30.65,74.65,31.55,1,0
2024-07-17 22:17:39.459459,V-01,465.94,8.58,-68.24,51.9,73.47,10.09,1,0
2024-07-18 22:19:05.945945,V-01,540.87,8.44,-54.24,52.38,89.91,28.79,1,0
2024-07-19 22:20:32.432432,V-01,612.97,7.74,-55.95,48.79,54.22,23.81,2,0
2024-07-20 22:21:58.918918,V-01,582.51,11.71,-50.28,45.52,82.43,22.76,2,0
2024-07-21 22:23:25.405405,V-01,503.48,4.39,-62.64,38.95,76.31,11.28,0,0
2024-07-22 22:24:51.891891,V-01,555.86,11.49,-66.74,26.61,80.01,16.55,0,0
2024-07-23 22:26:18.378378,V-01,456.49,9.42,-59.23,43.75,88.56,17.57,2,0
2024-07-24 22:27:44.864864,V-01,531.75,10.04,-53.24,45.81,80.26,23.22,2,0
2024-07-25 22:29:11.351351,V-01,471.08,9.55,-63.05,58.22,82.33,29.15,1,0
2024-07-26 22:30:37.837837,V-01,443.69,10.69,-62.12,25.68,90.4,18.31,1,0
2024-07-27 22:32:04.324324,V-01,459.64,9.05,-57.18,34.93,95.13,19.83,0,0
2024-07-28 22:33:30.810810,V-01,469.82,8.97,-62.47,52.37,57.05,28.87,1,0
2024-07-29 22:34:57.297297,V-01,525.0,8.36,-68.01,21.03,75.48,34.9,2,0
2024-07-30 22:36:23.783783,V-01,519.8,12.78,-56.49,36.21,70.16,23.34,1,0
2024-07-31 22:37:50.270270,V-01,516.27,8.36,-71.43,45.46,99.88,23.47,2,0
2024-08-01 22:39:16.756756,V-01,402.47,9.74,-70.93,29.73,89.35,25.05,2,0
2024-08-02 22:40:43.243243,V-01,560.02,12.87,-60.35,46.88,85.76,35.92,0,0
2024-08-03 22:42:09.729729,V-01,582.67,11.97,-56.4,51.5,91.53,18.31,0,0
2024-08-04 22:43:36.216216,V-01,577.03,6.86,-55.26,34.05,64.41,27.12,0,0
2024-08-05 22:45:02.702702,V-01,524.23,12.77,-63.69,42.47,61.99,36.27,0,0
2024-08-06 22:46:29.189189,V-01,477.62,12.2,-69.95,51.02,88.34,34.75,2,0
2024-08-07 22:47:55.675675,V-01,466.08,9.49,-54.73,50.63,51.95,28.22,2,0
2024-08-08 22:49:22.162162,V-01,534.99,6.72,-62.36,39.28,72.03,13.58,0,0
2024-08-09 22:50:48.648648,V-01,503.71,9.34,-58.52,53.51,66.66,22.14,0,0
2024-08-10 22:52:15.135135,V-01,553.98,13.6,-57.12,59.62,59.28,11.47,0,0
2024-08-11 22:53:41.621621,V-01,560.5,9.23,-55.22,57.34,53.28,39.07,0,0
2024-08-12 22:55:08.108108,V-01,417.44,12.19,-46.36,50.38,99.9,13.03,2,0
2024-08-13 22:56:34.594594,V-01,508.29,10.62,-61.7,32.76,81.47,29.59,0,0
2024-08-14 22:58:01.081081,V-01,541.28,4.57,-60.63,42.77,72.62,26.56,1,0
2024-08-15 22:59:27.567567,V-01,528.87,10.21,-60.8,43.21,59.56,39.17,0,0
2024-08-16 23:00:54.054054,V-01,518.58,7.81,-58.24,32.5,65.91,20.39,1,0
2024-08-17 23:02:20.540540,V-01,479.4,11.49,-52.42,24.23,65.19,38.71,0,0
2024-08-18 23:03:47.027027,V-01,548.94,11.4,-54.48,48.59,97.78,33.79,1,0
2024-08-19 23:05:13.513513,V-01,486.68,12.79,-69.93,50.26,50.11,38.11,1,0
2024-08-20 23:06:40.000000,V-01,462.18,11.52,-57.68,41.45,97.36,20.33,0,0
2024-08-21 23:08:06.486486,V-01,454.6,9.09,-59.41,28.44,78.53,22.33,1,0
2024-08-22 23:09:32.972972,V-01,489.61,5.92,-64.55,40.47,57.78,18.9,2,0
2024-08-23 23:10:59.459459,V-01,572.88,11.03,-52.93,23.81,68.9,10.97,1,0
2024-08-24 23:12:25.945945,V-01,482.59,11.39,-67.52,39.6,71.35,19.1,2,0
2024-08-25 23:13:52.432432,V-01,540.42,12.25,-60.32,33.58,70.26,37.84,2,0
2024-08-26 23:15:18.918918,V-01,423.76,7.13,-59.42,40.81,56.37,38.19,1,0
2024-08-27 23:16:45.405405,V-01,545.1,8.79,-65.59,30.83,94.52,14.72,2,0
2024-08-28 23:18:11.891891,V-01,553.7,12.05,-63.32,23.19,77.48,23.17,1,0
2024-08-29 23:19:38.378378,V-01,623.86,10.3,-57.13,51.9,82.25,31.1,0,0
2024-08-30 23:21:04.864864,V-01,515.93,8.41,-49.22,32.23,87.98,16.15,1,0
2024-08-31 23:22:31.351351,V-01,517.58,7.42,-61.34,29.97,83.06,23.82,1,0
2024-09-01 23:23:57.837837,V-01,529.62,8.15,-61.89,55.02,92.24,19.16,2,0
2024-09-02 23:25:24.324324,V-01,458.47,9.13,-61.0,54.18,61.54,15.9,1,0
2024-09-03 23:26:50.810810,V-01,460.32,7.49,-59.95,55.23,83.79,12.5,1,0
2024-09-04 23:28:17.297297,V-01,610.88,7.77,-60.56,23.64,92.39,23.54,1,0
2024-09-05 23:29:43.783783,V-01,417.76,9.28,-60.42,58.58,96.48,35.18,1,0
2024-09-06 23:31:10.270270,V-01,387.88,12.98,-59.71,44.97,50.1,24.92,0,0
2024-09-07 23:32:36.756756,V-01,495.93,5.74,-66.45,31.93,65.89,22.96,0,0
2024-09-08 23:34:03.243243,V-01,496.41,9.34,-66.88,25.78,95.64,39.61,2,0
2024-09-09 23:35:29.729729,V-01,597.54,7.87,-64.34,39.43,94.01,38.25,0,0
2024-09-10 23:36:56.216216,V-01,410.28,9.98,-56.12,25.01,64.07,22.72,2,0
2024-09-11 23:38:22.702702,V-01,536.82,11.57,-61.19,21.47,98.4,32.86,1,0
2024-09-12 23:39:49.189189,V-01,585.89,10.42,-61.37,23.28,82.4,39.12,2,0
2024-09-13 23:41:15.675675,V-01,472.07,11.19,-58.34,37.05,53.93,38.95,2,0
2024-09-14 23:42:42.162162,V-01,493.09,8.52,-62.03,38.72,90.05,30.45,2,0
2024-09-15 23:44:08.648648,V-01,466.53,8.66,-63.71,50.05,56.73,10.36,2,0
2024-09-16 23:45:35.135135,V-01,485.92,9.72,-58.63,27.4,50.75,28.89,1,0
2024-09-17 23:47:01.621621,V-01,539.38,14.9,-55.98,38.39,55.57,26.16,2,0
2024-09-18 23:48:28.108108,V-01,488.4,11.83,-61.31,37.62,92.56,25.3,2,0
2024-09-19 23:49:54.594594,V-01,449.51,13.17,-59.03,24.62,87.79,24.57,2,0
2024-09-20 23:51:21.081081,V-01,443.94,9.88,-66.02,38.3,50.43,32.17,1,0
2024-09-21 23:52:47.567567,V-01,530.75,10.58,-54.8,24.06,52.93,35.79,1,0
2024-09-22 23:54:14.054054,V-01,459.84,10.66,-64.27,20.62,76.02,25.52,1,0
2024-09-23 23:55:40.540540,V-01,505.62,11.88,-72.34,37.21,80.58,34.69,2,0
2024-09-24 23:57:07.027027,V-01,492.17,10.57,-63.08,31.07,59.43,21.82,1,0
2024-09-25 23:58:33.513513,V-01,521.01,10.62,-65.8,23.92,94.16,31.61,1,0
2024-09-27 00:00:00.000000,V-01,497.03,12.72,-63.86,27.8,84.48,18.25,2,0
