timestamp,sensor_id,voltage,current,frequency,power,temperature,load_percentage,status
2022-01-01 00:00:00.000000,V-01,423.46,24.21,62.56,10251.97,76.96,92.71,1
2022-01-02 00:01:26.486486,V-01,402.4,32.89,56.43,13234.94,84.79,99.84,1
2022-01-03 00:02:52.972972,V-01,366.6,32.48,58.66,11907.17,63.58,94.33,1
2022-01-04 00:04:19.459459,V-01,371.01,27.92,60.26,10358.6,70.15,93.3,1
2022-01-05 00:05:45.945945,V-01,386.73,22.44,57.92,8678.22,89.18,99.02,1
2022-01-06 00:07:12.432432,V-01,407.27,34.26,60.71,13953.07,87.27,99.46,1
2022-01-07 00:08:38.918918,V-01,367.95,20.28,59.52,7462.03,87.21,97.49,1
2022-01-08 00:10:05.405405,V-01,437.45,30.61,57.43,13390.34,96.03,99.06,1
2022-01-09 00:11:31.891891,V-01,405.22,31.54,61.93,12780.64,80.54,98.37,1
2022-01-10 00:12:58.378378,V-01,447.14,41.12,56.06,18386.4,74.45,93.1,1
2022-01-11 00:14:24.864864,V-01,432.89,34.55,61.69,14956.35,81.33,96.2,1
2022-01-12 00:15:51.351351,V-01,396.97,25.79,65.89,10237.86,86.04,93.47,1
2022-01-13 00:17:17.837837,V-01,455.29,33.42,61.14,15215.79,86.41,97.8,1
2022-01-14 00:18:44.324324,V-01,379.18,29.38,61.9,11140.31,63.78,96.76,1
2022-01-15 00:20:10.810810,V-01,409.16,24.95,54.4,10208.54,82.5,90.09,1
2022-01-16 00:21:37.297297,V-01,402.43,28.06,60.13,11292.19,78.55,92.29,1
2022-01-17 00:23:03.783783,V-01,389.62,34.11,60.72,13289.94,81.23,98.92,1
2022-01-18 00:24:30.270270,V-01,431.35,34.91,57.29,15058.43,70.3,91.86,1
2022-01-19 00:25:56.756756,V-01,380.06,35.21,51.48,13381.91,73.42,91.75,1
2022-01-20 00:27:23.243243,V-01,388.35,22.55,63.67,8757.29,78.49,92.17,1
2022-01-21 00:28:49.729729,V-01,345.24,22.58,57.84,7795.52,81.65,92.96,1
2022-01-22 00:30:16.216216,V-01,404.61,30.37,61.97,12288.01,102.93,98.09,1
2022-01-23 00:31:42.702702,V-01,403.74,36.92,60.51,14906.08,75.73,95.41,1
2022-01-24 00:33:09.189189,V-01,350.22,24.75,58.93,8667.95,64.05,99.38,1
2022-01-25 00:34:35.675675,V-01,367.33,31.25,55.24,11479.06,85.94,96.38,1
2022-01-26 00:36:02.162162,V-01,373.39,32.36,67.52,12082.9,81.19,97.53,1
2022-01-27 00:37:28.648648,V-01,453.45,28.11,62.07,12746.48,80.5,90.9,1
2022-01-28 00:38:55.135135,V-01,422.66,30.19,54.43,12760.11,71.08,94.39,1
2022-01-29 00:40:21.621621,V-01,392.58,28.59,56.12,11223.86,76.3,91.39,1
2022-01-30 00:41:48.108108,V-01,435.1,30.44,58.99,13244.44,66.13,93.42,1
2022-01-31 00:43:14.594594,V-01,439.44,25.86,59.45,11363.92,85.31,92.44,1
2022-02-01 00:44:41.081081,V-01,395.66,37.1,62.4,14678.99,95.82,93.06,1
2022-02-02 00:46:07.567567,V-01,429.15,23.46,55.42,10067.86,72.65,94.09,1
2022-02-03 00:47:34.054054,V-01,460.41,31.01,56.85,14277.31,73.02,96.41,1
2022-02-04 00:49:00.540540,V-01,429.55,32.87,62.92,14119.31,85.72,97.74,1
2022-02-05 00:50:27.027027,V-01,399.98,33.67,61.92,13467.33,77.98,99.15,1
2022-02-06 00:51:53.513513,V-01,395.51,29.25,61.82,11568.67,83.01,99.04,1
2022-02-07 00:53:20.000000,V-01,378.81,26.16,62.3,9909.67,78.57,94.8,1
2022-02-08 00:54:46.486486,V-01,425.04,23.07,63.86,9805.67,84.12,90.64,1
2022-02-09 00:56:12.972972,V-01,363.04,34.21,63.37,12419.6,88.43,92.06,1
2022-02-10 00:57:39.459459,V-01,393.52,21.27,61.21,8370.17,79.69,92.47,1
2022-02-11 00:59:05.945945,V-01,384.8,25.08,56.33,9650.78,79.82,95.28,1
2022-02-12 01:00:32.432432,V-01,373.39,24.2,62.47,9036.04,89.25,90.04,1
2022-02-13 01:01:58.918918,V-01,403.0,29.23,63.54,11779.69,82.28,93.06,1
2022-02-14 01:03:25.405405,V-01,439.72,33.35,59.93,14664.66,97.59,98.2,1
2022-02-15 01:04:51.891891,V-01,414.24,29.48,55.96,12211.8,80.28,91.76,1
2022-02-16 01:06:18.378378,V-01,381.79,38.69,55.47,14771.46,71.7,92.9,1
2022-02-17 01:07:44.864864,V-01,429.4,35.24,57.26,15132.06,77.56,98.08,1
2022-02-18 01:09:11.351351,V-01,352.73,24.78,66.86,8740.65,73.53,95.98,1
2022-02-19 01:10:37.837837,V-01,405.68,23.81,58.34,9659.24,79.64,99.47,1
2022-02-20 01:12:04.324324,V-01,380.89,34.51,59.39,13144.51,71.94,91.14,1
2022-02-21 01:13:30.810810,V-01,391.81,23.6,65.08,9246.72,80.52,94.47,1
2022-02-22 01:14:57.297297,V-01,369.65,31.58,64.14,11673.55,91.28,99.41,1
2022-02-23 01:16:23.783783,V-01,401.06,29.2,61.49,11710.95,75.22,91.99,1
2022-02-24 01:17:50.270270,V-01,395.95,29.27,55.21,11589.46,90.38,98.42,1
2022-02-25 01:19:16.756756,V-01,429.87,27.85,62.59,11971.88,87.14,93.39,1
2022-02-26 01:20:43.243243,V-01,384.22,32.05,57.59,12314.25,104.0,96.46,1
2022-02-27 01:22:09.729729,V-01,374.26,28.71,61.58,10745.0,88.33,91.86,1
2022-02-28 01:23:36.216216,V-01,383.54,30.95,63.58,11870.56,60.52,98.25,1
2022-03-01 01:25:02.702702,V-01,405.37,27.64,56.94,11204.43,73.54,96.04,1
2022-03-02 01:26:29.189189,V-01,405.36,19.17,61.71,7770.75,93.9,93.46,1
2022-03-03 01:27:55.675675,V-01,401.67,34.53,56.2,13869.67,71.83,96.54,1
2022-03-04 01:29:22.162162,V-01,369.48,30.63,59.06,11317.17,70.46,96.28,1
2022-03-05 01:30:48.648648,V-01,454.69,28.93,57.5,13154.18,77.5,99.45,1
2022-03-06 01:32:15.135135,V-01,425.07,26.92,56.48,11442.88,73.93,94.52,1
2022-03-07 01:33:41.621621,V-01,357.66,29.76,57.84,10643.96,79.82,92.13,1
2022-03-08 01:35:08.108108,V-01,447.76,34.14,63.24,15286.53,88.83,94.62,1
2022-03-09 01:36:34.594594,V-01,434.77,34.27,57.77,14899.57,85.37,96.57,1
2022-03-10 01:38:01.081081,V-01,372.67,25.26,56.9,9413.64,93.06,99.57,1
2022-03-11 01:39:27.567567,V-01,396.66,29.66,64.81,11764.94,85.77,95.08,1
2022-03-12 01:40:54.054054,V-01,424.18,22.7,59.78,9628.89,91.5,98.0,1
2022-03-13 01:42:20.540540,V-01,378.62,25.12,57.34,9510.93,83.55,96.44,1
2022-03-14 01:43:47.027027,V-01,369.12,34.97,59.65,12908.13,80.39,93.48,1
2022-03-15 01:45:13.513513,V-01,385.64,26.24,58.3,10119.19,82.32,91.97,1
2022-03-16 01:46:40.000000,V-01,398.01,31.47,56.21,12525.37,77.68,99.91,1
2022-03-17 01:48:06.486486,V-01,391.08,22.35,59.86,8740.64,81.93,94.52,1
2022-03-18 01:49:32.972972,V-01,376.6,18.42,54.66,6936.97,79.06,94.27,1
2022-03-19 01:50:59.459459,V-01,390.36,38.1,59.05,14872.72,80.26,94.23,1
2022-03-20 01:52:25.945945,V-01,392.74,28.99,56.31,11385.53,68.49,95.85,1
2022-03-21 01:53:52.432432,V-01,410.86,29.31,57.05,12042.31,63.31,95.53,1
2022-03-22 01:55:18.918918,V-01,456.74,27.44,60.6,12532.95,75.52,93.21,1
2022-03-23 01:56:45.405405,V-01,432.93,26.23,62.71,11355.75,77.08,90.74,1
2022-03-24 01:58:11.891891,V-01,375.06,38.95,57.73,14608.59,87.48,91.89,1
2022-03-25 01:59:38.378378,V-01,428.53,27.57,58.93,11814.57,74.92,98.65,1
2022-03-26 02:01:04.864864,V-01,429.71,31.17,58.33,13394.06,67.55,90.64,1
2022-03-27 02:02:31.351351,V-01,410.99,35.36,59.1,14532.61,89.02,95.87,1
2022-03-28 02:03:57.837837,V-01,421.37,32.14,60.57,13542.83,81.74,92.01,1
2022-03-29 02:05:24.324324,V-01,371.66,26.24,56.17,9752.36,93.45,93.23,1
2022-03-30 02:06:50.810810,V-01,362.02,29.29,53.09,10603.57,62.4,97.39,1
2022-03-31 02:08:17.297297,V-01,378.75,23.16,59.71,8771.85,81.46,94.98,1
2022-04-01 02:09:43.783783,V-01,361.38,26.61,60.74,9616.32,74.93,92.22,1
2022-04-02 02:11:10.270270,V-01,448.18,30.55,60.81,13691.9,71.32,91.26,1
2022-04-03 02:12:36.756756,V-01,437.94,22.8,61.6,9985.03,80.09,91.16,1
2022-04-04 02:14:03.243243,V-01,425.17,18.68,60.43,7942.18,93.52,96.69,1
2022-04-05 02:15:29.729729,V-01,415.73,30.31,63.26,12600.78,70.7,93.69,1
2022-04-06 02:16:56.216216,V-01,410.31,28.88,57.41,11849.75,90.61,99.4,1
2022-04-07 02:18:22.702702,V-01,401.23,36.68,55.12,14717.12,85.41,95.53,1
2022-04-08 02:19:49.189189,V-01,403.64,26.93,57.01,10870.03,81.27,97.14,1
2022-04-09 02:21:15.675675,V-01,386.72,35.08,61.68,13566.14,78.89,94.2,1
2022-04-10 02:22:42.162162,V-01,398.0,30.88,60.4,12290.24,76.43,99.0,1
2022-04-11 02:24:08.648648,V-01,431.54,33.99,56.48,14668.04,56.96,98.25,1
2022-04-12 02:25:35.135135,V-01,394.63,27.54,54.32,10868.11,92.44,99.56,1
2022-04-13 02:27:01.621621,V-01,413.8,28.7,63.67,11876.06,67.79,98.26,1
2022-04-14 02:28:28.108108,V-01,397.43,22.57,60.22,8970.0,75.66,95.89,1
2022-04-15 02:29:54.594594,V-01,384.28,34.08,58.57,13096.26,94.67,95.31,1
2022-04-16 02:31:21.081081,V-01,372.0,28.04,60.03,10430.88,64.43,93.75,1
2022-04-17 02:32:47.567567,V-01,415.31,26.05,63.26,10818.83,90.93,90.82,1
2022-04-18 02:34:14.054054,V-01,387.45,28.23,59.02,10937.71,97.21,96.12,1
2022-04-19 02:35:40.540540,V-01,432.86,28.49,56.28,12332.18,70.88,97.01,1
2022-04-20 02:37:07.027027,V-01,343.7,20.95,65.52,7200.52,94.84,97.62,1
2022-04-21 02:38:33.513513,V-01,390.9,34.15,58.16,13349.23,80.37,92.99,1
2022-04-22 02:40:00.000000,V-01,369.08,21.81,57.83,8049.63,91.34,95.79,1
2022-04-23 02:41:26.486486,V-01,367.59,24.06,62.87,8844.22,91.12,94.43,1
2022-04-24 02:42:52.972972,V-01,441.17,32.68,58.85,14417.44,97.69,97.54,1
2022-04-25 02:44:19.459459,V-01,335.11,24.29,58.83,8139.82,73.99,94.04,1
2022-04-26 02:45:45.945945,V-01,361.16,35.6,59.43,12857.3,66.61,90.94,1
2022-04-27 02:47:12.432432,V-01,417.21,36.79,65.08,15349.16,73.03,99.62,1
2022-04-28 02:48:38.918918,V-01,346.99,22.23,59.66,7713.59,87.25,96.28,1
2022-04-29 02:50:05.405405,V-01,434.17,36.04,62.27,15647.49,75.74,94.62,1
2022-04-30 02:51:31.891891,V-01,404.57,22.92,56.6,9272.74,78.8,97.33,1
2022-05-01 02:52:58.378378,V-01,403.29,24.13,56.06,9731.39,59.5,93.73,1
2022-05-02 02:54:24.864864,V-01,421.38,18.41,59.16,7757.61,86.38,98.8,1
2022-05-03 02:55:51.351351,V-01,415.25,27.05,61.11,11232.51,58.66,95.28,1
2022-05-04 02:57:17.837837,V-01,481.34,31.53,60.51,15176.65,98.59,98.51,1
2022-05-05 02:58:44.324324,V-01,383.1,31.07,65.52,11902.92,85.29,96.16,1
2022-05-06 03:00:10.810810,V-01,381.53,27.05,60.66,10320.39,94.98,93.49,1
2022-05-07 03:01:37.297297,V-01,395.84,26.08,56.06,10323.51,74.49,95.34,1
2022-05-08 03:03:03.783783,V-01,414.17,35.09,62.59,14533.23,80.79,92.18,1
2022-05-09 03:04:30.270270,V-01,358.27,32.94,62.07,11801.41,104.18,94.67,1
2022-05-10 03:05:56.756756,V-01,358.05,26.68,59.88,9552.77,87.66,95.77,1
2022-05-11 03:07:23.243243,V-01,421.84,34.14,62.77,14401.62,74.7,90.51,1
2022-05-12 03:08:49.729729,V-01,406.86,33.37,60.6,13576.92,81.92,92.42,1
2022-05-13 03:10:16.216216,V-01,395.5,27.16,56.65,10741.78,85.22,95.8,1
2022-05-14 03:11:42.702702,V-01,412.1,22.08,56.28,9099.17,88.87,99.82,1
2022-05-15 03:13:09.189189,V-01,416.02,25.73,58.18,10704.19,86.69,95.29,1
2022-05-16 03:14:35.675675,V-01,386.05,29.82,56.43,11512.01,78.78,91.72,1
2022-05-17 03:16:02.162162,V-01,441.49,25.11,59.22,11085.81,62.21,97.3,1
2022-05-18 03:17:28.648648,V-01,433.38,31.34,58.03,13582.13,93.2,98.78,1
2022-05-19 03:18:55.135135,V-01,406.55,35.51,58.54,14436.59,77.86,91.51,1
2022-05-20 03:20:21.621621,V-01,376.31,24.71,57.21,9298.62,78.21,91.53,1
2022-05-21 03:21:48.108108,V-01,450.57,26.63,56.06,11998.68,117.03,92.37,1
2022-05-22 03:23:14.594594,V-01,406.77,30.12,62.45,12251.91,64.62,98.31,1
2022-05-23 03:24:41.081081,V-01,389.88,28.81,62.18,11232.44,81.82,98.53,1
2022-05-24 03:26:07.567567,V-01,338.3,36.36,57.8,12300.59,75.43,92.53,1
2022-05-25 03:27:34.054054,V-01,424.0,29.03,58.45,12308.72,54.81,91.89,1
2022-05-26 03:29:00.540540,V-01,375.65,26.51,57.75,9958.48,74.12,93.25,1
2022-05-27 03:30:27.027027,V-01,365.36,31.09,61.0,11359.04,70.22,93.77,1
2022-05-28 03:31:53.513513,V-01,395.01,27.57,58.75,10890.43,83.25,90.69,1
2022-05-29 03:33:20.000000,V-01,355.94,34.36,56.81,12230.1,71.98,93.28,1
2022-05-30 03:34:46.486486,V-01,391.54,27.54,58.21,10783.01,72.14,95.3,1
2022-05-31 03:36:12.972972,V-01,400.94,34.64,61.14,13888.56,80.88,93.88,1
2022-06-01 03:37:39.459459,V-01,391.94,33.93,56.35,13298.52,75.11,96.66,1
2022-06-02 03:39:05.945945,V-01,405.56,33.59,63.29,13622.76,77.4,98.96,1
2022-06-03 03:40:32.432432,V-01,423.78,25.59,55.02,10844.53,83.35,99.77,1
2022-06-04 03:41:58.918918,V-01,441.19,38.59,54.78,17025.52,74.69,99.25,1
2022-06-05 03:43:25.405405,V-01,409.79,26.66,61.21,10925.0,69.65,93.63,1
2022-06-06 03:44:51.891891,V-01,413.01,22.98,57.35,9490.97,85.69,99.13,1
2022-06-07 03:46:18.378378,V-01,337.89,28.31,58.05,9565.67,87.97,91.12,1
2022-06-08 03:47:44.864864,V-01,428.03,33.18,56.63,14202.04,78.91,93.15,1
2022-06-09 03:49:11.351351,V-01,362.11,26.99,55.2,9773.35,80.1,97.67,1
2022-06-10 03:50:37.837837,V-01,396.32,29.77,59.79,11798.45,82.24,92.56,1
2022-06-11 03:52:04.324324,V-01,372.12,30.28,59.61,11267.79,102.31,91.25,1
2022-06-12 03:53:30.810810,V-01,428.5,32.61,62.68,13973.38,85.73,97.82,1
2022-06-13 03:54:57.297297,V-01,396.63,32.05,62.62,12711.99,73.55,90.91,1
2022-06-14 03:56:23.783783,V-01,373.52,27.67,60.59,10335.3,84.64,96.03,1
2022-06-15 03:57:50.270270,V-01,460.96,31.83,55.0,14672.36,82.84,97.53,1
2022-06-16 03:59:16.756756,V-01,408.49,35.99,58.11,14701.56,62.35,90.89,1
2022-06-17 04:00:43.243243,V-01,464.55,32.62,62.24,15153.62,89.69,94.09,1
2022-06-18 04:02:09.729729,V-01,421.42,35.7,58.4,15044.69,53.72,91.57,1
2022-06-19 04:03:36.216216,V-01,393.39,26.16,56.68,10291.08,76.77,95.56,1
2022-06-20 04:05:02.702702,V-01,309.75,24.48,59.82,7582.68,78.05,94.09,1
2022-06-21 04:06:29.189189,V-01,409.58,32.03,58.05,13118.85,93.05,90.6,1
2022-06-22 04:07:55.675675,V-01,427.39,34.75,62.38,14851.8,60.21,91.42,1
2022-06-23 04:09:22.162162,V-01,369.02,34.47,60.08,12720.12,86.78,99.22,1
2022-06-24 04:10:48.648648,V-01,434.43,28.72,59.91,12476.83,94.58,96.93,1
2022-06-25 04:12:15.135135,V-01,375.56,30.48,62.19,11447.07,82.95,90.97,1
2022-06-26 04:13:41.621621,V-01,417.75,25.28,56.52,10560.72,73.81,90.62,1
2022-06-27 04:15:08.108108,V-01,401.23,38.44,61.74,15423.28,70.83,99.28,1
2022-06-28 04:16:34.594594,V-01,448.62,29.2,68.49,13099.7,87.7,90.8,1
2022-06-29 04:18:01.081081,V-01,438.23,34.46,58.57,15101.41,96.47,92.23,1
2022-06-30 04:19:27.567567,V-01,394.92,31.97,61.95,12625.59,75.81,98.18,1
2022-07-01 04:20:54.054054,V-01,432.75,15.89,58.03,6876.4,73.34,98.11,1
2022-07-02 04:22:20.540540,V-01,437.99,28.36,58.15,12421.4,89.5,95.97,1
2022-07-03 04:23:47.027027,V-01,394.05,29.38,59.73,11577.19,95.08,97.58,1
2022-07-04 04:25:13.513513,V-01,445.6,37.21,55.02,16580.78,92.13,96.57,1
2022-07-05 04:26:39.999999,V-01,428.91,30.24,58.23,12970.24,88.45,90.88,1
2022-07-06 04:28:06.486486,V-01,414.88,28.9,63.97,11990.03,58.41,90.68,1
2022-07-07 04:29:32.972972,V-01,363.65,31.77,66.26,11553.16,76.72,91.83,1
2022-07-08 04:30:59.459459,V-01,433.91,29.77,57.99,12917.5,88.29,92.37,1
2022-07-09 04:32:25.945945,V-01,431.93,27.27,56.5,11778.73,68.23,99.36,1
2022-07-10 04:33:52.432432,V-01,381.3,35.27,56.8,13448.45,75.54,98.78,1
2022-07-11 04:35:18.918918,V-01,362.21,26.6,58.22,9634.79,79.51,95.77,1
2022-07-12 04:36:45.405405,V-01,409.59,29.17,62.43,11947.74,82.72,99.48,1
2022-07-13 04:38:11.891891,V-01,349.43,28.25,54.24,9871.4,61.37,97.32,1
2022-07-14 04:39:38.378378,V-01,418.74,30.98,60.37,12972.57,81.44,91.35,1
2022-07-15 04:41:04.864864,V-01,396.16,28.32,61.29,11219.25,84.39,96.16,1
2022-07-16 04:42:31.351351,V-01,431.64,24.22,58.29,10454.32,72.63,96.11,1
2022-07-17 04:43:57.837837,V-01,431.52,24.47,57.39,10559.29,66.01,95.25,1
2022-07-18 04:45:24.324324,V-01,397.68,36.62,58.06,14563.04,70.54,91.62,1
2022-07-19 04:46:50.810810,V-01,381.59,24.14,67.69,9211.58,90.8,95.69,1
2022-07-20 04:48:17.297297,V-01,448.04,37.74,59.04,16909.03,86.59,97.14,1
2022-07-21 04:49:43.783783,V-01,383.98,32.78,58.09,12586.86,89.61,91.64,1
2022-07-22 04:51:10.270270,V-01,419.72,39.16,59.42,16436.24,93.14,90.49,1
2022-07-23 04:52:36.756756,V-01,287.18,30.2,61.82,8672.84,75.01,99.0,1
2022-07-24 04:54:03.243243,V-01,435.02,35.02,59.08,15234.4,67.16,95.78,1
2022-07-25 04:55:29.729729,V-01,342.32,29.77,57.9,10190.87,88.76,94.91,1
2022-07-26 04:56:56.216216,V-01,401.38,37.82,59.87,15180.19,92.5,96.25,1
2022-07-27 04:58:22.702702,V-01,378.77,32.32,67.39,12241.85,86.54,91.8,1
2022-07-28 04:59:49.189189,V-01,416.31,29.41,65.73,12243.68,73.04,98.76,1
2022-07-29 05:01:15.675675,V-01,379.32,33.59,61.0,12741.36,80.08,99.52,1
2022-07-30 05:02:42.162162,V-01,443.28,29.12,57.54,12908.31,77.75,91.72,1
2022-07-31 05:04:08.648648,V-01,444.1,30.35,59.07,13478.44,70.31,93.49,1
2022-08-01 05:05:35.135135,V-01,414.13,29.96,60.61,12407.33,73.37,91.5,1
2022-08-02 05:07:01.621621,V-01,435.58,31.85,60.11,13873.22,65.61,91.51,1
2022-08-03 05:08:28.108108,V-01,351.91,26.19,56.33,9216.52,93.58,95.89,1
2022-08-04 05:09:54.594594,V-01,431.2,30.19,60.76,13017.93,82.19,98.23,1
2022-08-05 05:11:21.081081,V-01,416.71,27.95,64.72,11647.04,81.64,90.51,1
2022-08-06 05:12:47.567567,V-01,426.19,25.88,59.25,11029.8,60.27,97.91,1
2022-08-07 05:14:14.054054,V-01,378.12,29.24,55.38,11056.23,76.71,94.69,1
2022-08-08 05:15:40.540540,V-01,394.42,27.66,62.22,10909.66,82.78,96.07,1
2022-08-09 05:17:07.027027,V-01,365.88,32.6,60.94,11927.69,76.09,99.04,1
2022-08-10 05:18:33.513513,V-01,439.19,29.53,57.95,12969.28,75.24,94.59,1
2022-08-11 05:20:00.000000,V-01,348.92,22.97,58.54,8014.69,96.19,91.84,1
2022-08-12 05:21:26.486486,V-01,360.14,22.3,57.97,8031.12,84.91,95.86,1
2022-08-13 05:22:52.972972,V-01,405.35,30.44,63.89,12338.85,82.69,93.14,1
2022-08-14 05:24:19.459459,V-01,406.05,33.14,58.73,13456.5,102.43,97.57,1
2022-08-15 05:25:45.945945,V-01,423.54,27.93,59.46,11829.47,85.08,95.46,1
2022-08-16 05:27:12.432432,V-01,423.26,33.95,62.3,14369.68,72.86,94.98,1
2022-08-17 05:28:38.918918,V-01,373.97,30.61,57.31,11447.22,75.28,94.22,1
2022-08-18 05:30:05.405405,V-01,429.75,23.81,58.53,10232.35,79.7,98.89,1
2022-08-19 05:31:31.891891,V-01,401.76,34.31,58.57,13784.39,68.56,95.15,1
2022-08-20 05:32:58.378378,V-01,445.84,34.31,58.74,15296.77,44.61,93.46,1
2022-08-21 05:34:24.864864,V-01,460.46,33.37,59.71,15365.55,73.18,97.87,1
2022-08-22 05:35:51.351351,V-01,406.75,33.33,60.55,13556.98,79.34,92.78,1
2022-08-23 05:37:17.837837,V-01,352.82,25.02,63.01,8827.56,99.68,96.85,1
2022-08-24 05:38:44.324324,V-01,360.65,35.18,60.46,12687.67,65.79,98.01,1
2022-08-25 05:40:10.810810,V-01,375.27,33.69,62.38,12642.85,71.9,94.6,1
2022-08-26 05:41:37.297297,V-01,396.88,18.96,62.29,7524.84,73.04,91.55,1
2022-08-27 05:43:03.783783,V-01,366.59,32.15,62.17,11785.87,91.59,98.19,1
2022-08-28 05:44:30.270270,V-01,408.39,23.63,65.85,9650.26,80.6,97.52,1
2022-08-29 05:45:56.756756,V-01,449.14,32.71,63.73,14691.37,77.02,92.25,1
2022-08-30 05:47:23.243243,V-01,448.85,26.01,55.33,11674.59,78.34,98.61,1
2022-08-31 05:48:49.729729,V-01,398.77,31.57,57.61,12589.17,82.97,95.13,1
2022-09-01 05:50:16.216216,V-01,391.03,27.87,57.5,10898.01,86.49,91.75,1
2022-09-02 05:51:42.702702,V-01,442.0,24.57,56.95,10859.94,88.41,90.95,1
2022-09-03 05:53:09.189189,V-01,389.6,32.91,58.49,12821.74,99.79,93.41,1
2022-09-04 05:54:35.675675,V-01,368.34,32.77,57.61,12070.5,99.37,95.89,1
2022-09-05 05:56:02.162162,V-01,417.1,36.38,62.41,15174.1,89.83,94.51,1
2022-09-06 05:57:28.648648,V-01,428.83,28.85,58.81,12371.75,81.02,94.57,1
2022-09-07 05:58:55.135135,V-01,439.56,29.22,63.69,12843.94,73.93,90.19,1
2022-09-08 06:00:21.621621,V-01,363.25,30.75,65.65,11169.94,93.62,97.53,1
2022-09-09 06:01:48.108108,V-01,418.25,31.97,62.12,13371.45,88.12,92.88,1
2022-09-10 06:03:14.594594,V-01,466.98,30.0,61.82,14009.4,89.0,94.0,1
2022-09-11 06:04:41.081081,V-01,449.33,36.1,58.27,16220.81,75.57,91.96,1
2022-09-12 06:06:07.567567,V-01,433.8,27.51,57.5,11933.84,63.08,93.58,1
2022-09-13 06:07:34.054054,V-01,402.3,36.62,60.7,14732.23,69.78,90.62,1
2022-09-14 06:09:00.540540,V-01,470.58,24.77,61.06,11656.27,57.02,93.92,1
2022-09-15 06:10:27.027027,V-01,429.57,31.38,60.48,13479.91,83.87,91.38,1
2022-09-16 06:11:53.513513,V-01,370.3,27.12,55.02,10042.54,78.47,93.13,1
2022-09-17 06:13:20.000000,V-01,368.5,27.9,59.99,10281.15,66.96,93.71,1
2022-09-18 06:14:46.486486,V-01,428.59,29.77,62.23,12759.12,70.72,98.84,1
2022-09-19 06:16:12.972972,V-01,435.46,32.21,57.32,14026.17,83.89,90.91,1
2022-09-20 06:17:39.459459,V-01,419.33,29.86,56.42,12521.19,77.38,94.25,1
2022-09-21 06:19:05.945945,V-01,403.54,26.7,62.6,10774.52,74.04,92.58,1
2022-09-22 06:20:32.432432,V-01,400.32,33.41,55.27,13374.69,90.41,91.94,1
2022-09-23 06:21:58.918918,V-01,387.3,37.7,60.36,14601.21,74.77,97.14,1
2022-09-24 06:23:25.405405,V-01,376.34,40.43,63.19,15215.43,91.02,91.93,1
2022-09-25 06:24:51.891891,V-01,443.4,31.75,58.76,14077.95,70.67,93.77,1
2022-09-26 06:26:18.378378,V-01,430.02,30.23,60.5,12999.5,74.12,97.99,1
2022-09-27 06:27:44.864864,V-01,418.11,28.54,58.39,11932.86,79.84,91.02,1
2022-09-28 06:29:11.351351,V-01,363.76,38.91,67.39,14153.9,72.25,94.43,1
2022-09-29 06:30:37.837837,V-01,444.36,28.92,64.07,12850.89,79.74,97.15,1
2022-09-30 06:32:04.324324,V-01,396.57,24.23,59.83,9608.89,70.19,92.62,1
2022-10-01 06:33:30.810810,V-01,358.06,34.45,55.02,12335.17,75.39,98.93,1
2022-10-02 06:34:57.297297,V-01,393.3,31.75,57.44,12487.28,76.2,93.44,1
2022-10-03 06:36:23.783783,V-01,408.0,34.9,55.82,14239.2,73.88,91.15,1
2022-10-04 06:37:50.270270,V-01,395.89,20.91,59.7,8278.06,75.84,93.02,1
2022-10-05 06:39:16.756756,V-01,401.88,28.91,60.55,11618.35,84.17,98.26,1
2022-10-06 06:40:43.243243,V-01,401.7,24.44,56.11,9817.55,74.56,96.99,1
2022-10-07 06:42:09.729729,V-01,353.15,25.76,55.29,9097.14,68.84,93.7,1
2022-10-08 06:43:36.216216,V-01,363.82,33.54,51.43,12202.52,69.57,98.3,1
2022-10-09 06:45:02.702702,V-01,469.8,27.58,57.97,12957.08,80.64,90.64,1
2022-10-10 06:46:29.189189,V-01,385.65,23.84,56.65,9193.9,84.34,92.59,1
2022-10-11 06:47:55.675675,V-01,463.33,29.02,62.54,13445.84,103.91,93.92,1
2022-10-12 06:49:22.162162,V-01,382.72,26.19,59.95,10023.44,89.09,92.22,1
2022-10-13 06:50:48.648648,V-01,391.77,33.2,57.47,13006.76,81.99,91.32,1
2022-10-14 06:52:15.135135,V-01,394.97,24.69,58.45,9751.81,80.82,94.42,1
2022-10-15 06:53:41.621621,V-01,430.15,30.0,57.2,12904.5,72.4,92.81,1
2022-10-16 06:55:08.108108,V-01,347.84,40.76,59.41,14177.96,84.56,96.77,1
2022-10-17 06:56:34.594594,V-01,422.13,23.0,60.76,9708.99,80.44,96.68,1
2022-10-18 06:58:01.081081,V-01,416.12,23.97,63.21,9974.4,81.71,92.64,1
2022-10-19 06:59:27.567567,V-01,407.95,32.18,61.49,13127.83,55.93,96.35,1
2022-10-20 07:00:54.054054,V-01,418.19,23.46,59.9,9810.74,64.52,91.42,1
2022-10-21 07:02:20.540540,V-01,414.42,29.57,59.05,12254.4,79.01,96.29,1
2022-10-22 07:03:47.027027,V-01,418.6,34.29,61.71,14353.79,87.57,94.61,1
2022-10-23 07:05:13.513513,V-01,436.72,31.76,60.12,13870.23,70.29,91.81,1
2022-10-24 07:06:40.000000,V-01,411.13,36.46,64.25,14989.8,70.97,96.0,1
2022-10-25 07:08:06.486486,V-01,431.23,31.57,60.28,13613.93,80.53,98.77,1
2022-10-26 07:09:32.972972,V-01,430.05,20.28,53.69,8721.41,57.53,96.65,1
2022-10-27 07:10:59.459459,V-01,362.48,30.48,56.54,11048.39,85.9,94.84,1
2022-10-28 07:12:25.945945,V-01,369.34,21.29,57.7,7863.25,75.27,90.52,1
2022-10-29 07:13:52.432432,V-01,395.78,26.04,57.81,10306.11,54.55,95.3,1
2022-10-30 07:15:18.918918,V-01,390.13,28.07,58.56,10950.95,100.38,94.69,1
2022-10-31 07:16:45.405405,V-01,371.09,28.24,66.4,10479.58,92.61,97.89,1
2022-11-01 07:18:11.891891,V-01,389.77,24.57,63.56,9576.65,72.41,90.94,1
2022-11-02 07:19:38.378378,V-01,373.07,39.72,63.22,14818.34,98.15,91.1,1
2022-11-03 07:21:04.864864,V-01,390.12,23.45,61.16,9148.31,99.44,97.76,1
2022-11-04 07:22:31.351351,V-01,450.59,30.83,60.64,13891.69,76.19,97.73,1
2022-11-05 07:23:57.837837,V-01,384.26,27.85,60.03,10701.64,68.83,93.26,1
2022-11-06 07:25:24.324324,V-01,396.24,33.81,62.08,13396.87,68.55,93.04,1
2022-11-07 07:26:50.810810,V-01,399.16,29.46,57.6,11759.25,60.44,92.06,1
2022-11-08 07:28:17.297297,V-01,434.05,28.01,62.01,12157.74,82.34,97.22,1
2022-11-09 07:29:43.783783,V-01,355.19,28.03,54.74,9955.98,71.74,93.71,1
2022-11-10 07:31:10.270270,V-01,466.33,26.56,59.22,12385.72,96.24,92.76,1
2022-11-11 07:32:36.756756,V-01,365.95,32.17,55.67,11772.61,63.17,95.31,1
2022-11-12 07:34:03.243243,V-01,382.68,24.54,63.8,9390.97,77.6,91.25,1
2022-11-13 07:35:29.729729,V-01,379.75,19.72,62.92,7488.67,56.99,92.77,1
2022-11-14 07:36:56.216216,V-01,397.68,31.77,60.38,12634.29,78.62,96.5,1
2022-11-15 07:38:22.702702,V-01,400.23,34.98,60.66,14000.05,83.19,94.42,1
2022-11-16 07:39:49.189189,V-01,348.56,35.28,57.37,12297.2,77.13,91.41,1
2022-11-17 07:41:15.675675,V-01,379.41,32.68,58.47,12399.12,73.42,91.67,1
2022-11-18 07:42:42.162162,V-01,361.1,30.33,58.67,10952.16,86.46,97.36,1
2022-11-19 07:44:08.648648,V-01,370.82,27.33,62.53,10134.51,82.47,99.93,1
2022-11-20 07:45:35.135135,V-01,332.68,24.57,56.39,8173.95,68.44,90.88,1
2022-11-21 07:47:01.621621,V-01,383.71,31.78,59.87,12194.3,73.59,99.13,1
2022-11-22 07:48:28.108108,V-01,442.68,25.21,59.03,11159.96,75.82,90.68,1
2022-11-23 07:49:54.594594,V-01,394.02,32.25,55.05,12707.14,88.12,94.93,1
2022-11-24 07:51:21.081081,V-01,408.64,40.12,56.56,16394.64,78.25,98.04,1
2022-11-25 07:52:47.567567,V-01,386.06,31.39,59.31,12118.42,80.76,99.35,1
2022-11-26 07:54:14.054054,V-01,408.53,30.43,63.83,12431.57,100.2,95.76,1
2022-11-27 07:55:40.540540,V-01,382.0,17.18,58.5,6562.76,86.76,97.7,1
2022-11-28 07:57:07.027027,V-01,401.4,36.55,58.73,14671.17,68.63,95.38,1
2022-11-29 07:58:33.513513,V-01,395.3,23.94,58.21,9463.48,70.28,96.22,1
2022-11-30 08:00:00.000000,V-01,470.23,29.07,61.4,13669.59,87.64,98.22,1
2022-12-01 08:01:26.486486,V-01,387.46,30.31,51.59,11743.91,64.44,98.34,1
2022-12-02 08:02:52.972972,V-01,344.95,31.12,61.0,10734.84,84.24,94.58,1
2022-12-03 08:04:19.459459,V-01,356.11,32.06,63.76,11416.89,67.02,91.47,1
2022-12-04 08:05:45.945945,V-01,396.42,30.11,60.76,11936.21,63.33,98.68,1
2022-12-05 08:07:12.432432,V-01,421.29,33.8,60.3,14239.6,76.92,95.21,1
2022-12-06 08:08:38.918918,V-01,384.11,27.56,56.15,10586.07,96.23,91.7,1
2022-12-07 08:10:05.405405,V-01,433.8,28.08,59.55,12181.1,84.74,93.57,1
2022-12-08 08:11:31.891891,V-01,374.3,29.44,56.76,11019.39,102.43,94.84,1
2022-12-09 08:12:58.378378,V-01,370.28,31.37,61.15,11615.68,83.33,98.21,1
2022-12-10 08:14:24.864864,V-01,417.78,25.71,54.95,10741.12,75.92,91.53,1
2022-12-11 08:15:51.351351,V-01,371.16,33.37,56.63,12385.61,97.73,91.14,1
2022-12-12 08:17:17.837837,V-01,406.02,25.38,65.05,10304.79,76.52,97.53,1
2022-12-13 08:18:44.324324,V-01,423.09,31.53,59.57,13340.03,81.28,96.33,1
2022-12-14 08:20:10.810810,V-01,373.58,28.3,60.95,10572.31,90.84,95.8,1
2022-12-15 08:21:37.297297,V-01,414.66,26.73,69.84,11083.86,64.93,94.66,1
2022-12-16 08:23:03.783783,V-01,437.52,29.11,58.03,12736.21,72.35,94.09,1
2022-12-17 08:24:30.270270,V-01,391.77,34.47,64.26,13504.31,99.04,97.3,1
2022-12-18 08:25:56.756756,V-01,445.04,16.2,63.37,7209.65,72.86,92.72,1
2022-12-19 08:27:23.243243,V-01,437.63,27.57,59.67,12065.46,79.12,95.34,1
2022-12-20 08:28:49.729729,V-01,419.67,35.72,64.22,14990.61,69.25,90.37,1
2022-12-21 08:30:16.216216,V-01,408.68,32.89,60.6,13441.49,72.9,92.96,1
2022-12-22 08:31:42.702702,V-01,403.83,29.7,56.55,11993.75,70.94,95.7,1
2022-12-23 08:33:09.189189,V-01,355.93,25.82,64.43,9190.11,63.16,92.55,1
2022-12-24 08:34:35.675675,V-01,337.23,33.85,55.57,11415.24,89.27,90.16,1
2022-12-25 08:36:02.162162,V-01,386.73,32.62,57.49,12615.13,54.93,95.24,1
2022-12-26 08:37:28.648648,V-01,410.03,32.28,63.05,13235.77,79.24,92.61,1
2022-12-27 08:38:55.135135,V-01,383.45,35.64,58.5,13666.16,98.85,97.7,1
2022-12-28 08:40:21.621621,V-01,397.44,29.9,59.47,11883.46,71.12,93.86,1
2022-12-29 08:41:48.108108,V-01,382.03,26.45,55.13,10104.69,68.59,93.47,1
2022-12-30 08:43:14.594594,V-01,394.85,28.05,58.34,11075.54,71.45,95.06,1
2022-12-31 08:44:41.081081,V-01,408.61,40.44,62.5,16524.19,81.39,91.37,1
2023-01-01 08:46:07.567567,V-01,373.9,32.14,64.12,12017.15,95.8,98.18,1
2023-01-02 08:47:34.054054,V-01,407.85,26.02,66.64,10612.26,71.5,96.58,1
2023-01-03 08:49:00.540540,V-01,444.82,27.7,56.85,12321.51,88.98,95.77,1
2023-01-04 08:50:27.027027,V-01,386.52,33.58,65.73,12979.34,83.88,96.07,1
2023-01-05 08:51:53.513513,V-01,367.04,32.91,59.49,12079.29,69.96,95.59,1
2023-01-06 08:53:19.999999,V-01,366.46,26.16,59.16,9586.59,88.5,96.31,1
2023-01-07 08:54:46.486486,V-01,393.44,29.35,57.11,11547.46,65.4,98.17,1
2023-01-08 08:56:12.972972,V-01,413.01,30.5,60.24,12596.8,88.76,92.63,1
2023-01-09 08:57:39.459459,V-01,412.94,33.07,56.87,13655.93,71.06,98.61,1
2023-01-10 08:59:05.945945,V-01,417.78,29.32,57.78,12249.31,88.07,90.54,1
2023-01-11 09:00:32.432432,V-01,394.34,34.22,63.77,13494.31,58.57,99.95,1
2023-01-12 09:01:58.918918,V-01,341.86,30.73,62.02,10505.36,82.75,97.4,1
2023-01-13 09:03:25.405405,V-01,448.64,20.4,63.92,9152.26,83.26,93.81,1
2023-01-14 09:04:51.891891,V-01,390.77,30.81,58.13,12039.62,63.34,98.27,1
2023-01-15 09:06:18.378378,V-01,368.63,35.68,64.51,13152.72,83.42,90.67,1
2023-01-16 09:07:44.864864,V-01,447.17,25.67,60.47,11478.85,72.67,92.01,1
2023-01-17 09:09:11.351351,V-01,435.41,28.62,61.32,12461.43,73.0,99.91,1
2023-01-18 09:10:37.837837,V-01,443.62,17.21,62.69,7634.7,82.74,95.86,1
2023-01-19 09:12:04.324324,V-01,364.85,35.77,59.14,13050.68,81.24,92.88,1
2023-01-20 09:13:30.810810,V-01,391.15,32.78,57.78,12821.9,74.01,95.56,1
2023-01-21 09:14:57.297297,V-01,431.2,21.39,61.34,9223.37,83.85,90.08,1
2023-01-22 09:16:23.783783,V-01,391.45,32.58,62.95,12753.44,77.75,99.81,1
2023-01-23 09:17:50.270270,V-01,437.24,37.46,56.35,16379.01,88.01,92.77,1
2023-01-24 09:19:16.756756,V-01,399.06,33.97,60.98,13556.07,78.29,91.87,1
2023-01-25 09:20:43.243243,V-01,375.45,38.01,61.85,14270.85,90.86,91.33,1
2023-01-26 09:22:09.729729,V-01,402.93,26.54,52.49,10693.76,80.1,93.35,1
2023-01-27 09:23:36.216216,V-01,388.09,31.78,59.57,12333.5,78.84,95.04,1
2023-01-28 09:25:02.702702,V-01,407.23,27.78,55.53,11312.85,99.94,96.21,1
2023-01-29 09:26:29.189189,V-01,394.26,34.16,60.66,13467.92,82.45,97.15,1
2023-01-30 09:27:55.675675,V-01,390.39,33.89,60.62,13230.32,89.14,97.0,1
2023-01-31 09:29:22.162162,V-01,419.98,29.1,60.96,12221.42,82.05,91.28,1
2023-02-01 09:30:48.648648,V-01,383.97,40.11,60.62,15401.04,78.45,96.58,1
2023-02-02 09:32:15.135135,V-01,387.56,19.96,62.01,7735.7,81.2,94.96,1
2023-02-03 09:33:41.621621,V-01,385.86,34.64,63.02,13366.19,81.83,98.56,1
2023-02-04 09:35:08.108108,V-01,390.44,27.63,60.46,10787.86,92.56,95.97,1
2023-02-05 09:36:34.594594,V-01,492.93,27.4,60.85,13506.28,71.57,92.12,1
2023-02-06 09:38:01.081081,V-01,424.38,29.48,65.28,12510.72,102.4,95.81,1
2023-02-07 09:39:27.567567,V-01,390.53,31.72,60.15,12387.61,86.86,97.98,1
2023-02-08 09:40:54.054054,V-01,367.07,27.64,63.54,10145.81,85.95,96.8,1
2023-02-09 09:42:20.540540,V-01,365.75,27.03,61.41,9886.22,69.73,95.37,1
2023-02-10 09:43:47.027027,V-01,364.42,30.81,58.62,11227.78,53.66,94.07,1
2023-02-11 09:45:13.513513,V-01,384.21,36.16,57.49,13893.03,74.63,92.61,1
2023-02-12 09:46:40.000000,V-01,384.83,24.92,64.09,9589.96,80.24,92.5,1
2023-02-13 09:48:06.486486,V-01,412.34,37.02,60.91,15264.83,93.19,93.05,1
2023-02-14 09:49:32.972972,V-01,352.43,41.94,55.97,14780.91,63.15,99.45,1
2023-02-15 09:50:59.459459,V-01,346.55,14.4,54.53,4990.32,97.44,92.85,1
2023-02-16 09:52:25.945945,V-01,432.39,35.23,61.68,15233.1,86.54,98.7,1
2023-02-17 09:53:52.432432,V-01,377.32,35.73,56.59,13481.64,64.36,94.34,1
2023-02-18 09:55:18.918918,V-01,314.85,32.0,55.6,10075.2,62.43,95.48,1
2023-02-19 09:56:45.405405,V-01,390.7,36.19,63.84,14139.43,56.21,98.57,1
2023-02-20 09:58:11.891891,V-01,432.36,28.84,58.65,12469.26,63.57,95.0,1
2023-02-21 09:59:38.378378,V-01,428.88,28.9,60.46,12394.63,83.79,99.26,1
2023-02-22 10:01:04.864864,V-01,392.15,26.99,56.18,10584.13,72.78,91.39,1
2023-02-23 10:02:31.351351,V-01,434.02,32.65,60.1,14170.75,98.96,97.83,1
2023-02-24 10:03:57.837837,V-01,388.14,31.76,60.4,12327.33,96.44,95.52,1
2023-02-25 10:05:24.324324,V-01,379.42,36.77,61.51,13951.27,79.04,99.43,1
2023-02-26 10:06:50.810810,V-01,384.36,29.71,59.43,11419.34,83.84,97.21,1
2023-02-27 10:08:17.297297,V-01,401.6,36.75,58.35,14758.8,87.55,97.51,1
2023-02-28 10:09:43.783783,V-01,363.88,37.35,63.59,13590.92,61.22,91.63,1
2023-03-01 10:11:10.270270,V-01,355.98,29.36,58.13,10451.57,81.57,92.52,1
2023-03-02 10:12:36.756756,V-01,402.23,19.88,59.48,7996.33,78.66,91.42,1
2023-03-03 10:14:03.243243,V-01,421.11,32.97,61.26,13884.0,86.38,97.0,1
2023-03-04 10:15:29.729729,V-01,358.7,36.37,59.99,13045.92,89.15,90.13,1
2023-03-05 10:16:56.216216,V-01,363.88,25.44,60.41,9257.11,74.32,96.17,1
2023-03-06 10:18:22.702702,V-01,403.31,23.61,61.63,9522.15,51.9,92.68,1
2023-03-07 10:19:49.189189,V-01,405.39,29.65,57.81,12019.81,80.49,93.56,1
2023-03-08 10:21:15.675675,V-01,403.56,37.66,60.94,15198.07,63.38,98.11,1
2023-03-09 10:22:42.162162,V-01,415.8,31.1,59.81,12931.38,82.37,98.67,1
2023-03-10 10:24:08.648648,V-01,458.23,29.1,56.04,13334.49,72.17,90.16,1
2023-03-11 10:25:35.135135,V-01,352.24,22.78,54.97,8024.03,78.79,98.46,1
2023-03-12 10:27:01.621621,V-01,408.05,33.4,57.93,13628.87,81.6,90.53,1
2023-03-13 10:28:28.108108,V-01,396.65,20.39,62.23,8087.69,76.5,99.08,1
2023-03-14 10:29:54.594594,V-01,420.31,27.29,60.02,11470.26,83.27,99.92,1
2023-03-15 10:31:21.081081,V-01,389.54,31.4,62.59,12231.56,79.51,94.93,1
2023-03-16 10:32:47.567567,V-01,352.3,37.6,60.56,13246.48,75.98,92.29,1
2023-03-17 10:34:14.054054,V-01,422.18,31.4,58.83,13256.45,73.41,94.7,1
2023-03-18 10:35:40.540540,V-01,405.44,26.05,61.12,10561.71,87.55,97.16,1
2023-03-19 10:37:07.027027,V-01,400.34,20.1,60.46,8046.83,78.16,90.95,1
2023-03-20 10:38:33.513513,V-01,370.2,16.92,62.82,6263.78,75.47,93.6,1
2023-03-21 10:40:00.000000,V-01,389.85,24.97,62.67,9734.55,89.78,97.54,1
2023-03-22 10:41:26.486486,V-01,398.8,34.65,57.51,13818.42,78.65,95.6,1
2023-03-23 10:42:52.972972,V-01,423.56,26.31,60.64,11143.86,63.11,96.77,1
2023-03-24 10:44:19.459459,V-01,472.44,39.11,62.64,18477.13,93.71,97.72,1
2023-03-25 10:45:45.945945,V-01,355.86,34.78,59.66,12376.81,89.45,91.28,1
2023-03-26 10:47:12.432432,V-01,436.31,31.72,60.86,13839.75,107.51,93.02,1
2023-03-27 10:48:38.918918,V-01,366.61,23.5,60.09,8615.34,76.31,97.37,1
2023-03-28 10:50:05.405405,V-01,425.6,29.55,63.46,12576.48,83.1,93.38,1
2023-03-29 10:51:31.891891,V-01,435.0,30.17,57.72,13123.95,80.74,92.74,1
2023-03-30 10:52:58.378378,V-01,393.64,28.32,58.12,11147.88,72.38,97.18,1
2023-03-31 10:54:24.864864,V-01,403.78,18.31,63.07,7393.21,67.55,92.42,1
2023-04-01 10:55:51.351351,V-01,372.03,28.61,63.64,10643.78,87.73,90.36,1
2023-04-02 10:57:17.837837,V-01,409.22,29.53,58.28,12084.27,82.18,97.69,1
2023-04-03 10:58:44.324324,V-01,411.13,30.59,59.71,12576.47,80.78,96.34,1
2023-04-04 11:00:10.810810,V-01,386.89,35.38,60.08,13688.17,83.3,90.92,1
2023-04-05 11:01:37.297297,V-01,411.36,27.44,59.46,11287.72,83.2,93.99,1
2023-04-06 11:03:03.783783,V-01,429.7,31.97,60.27,13737.51,85.22,91.25,1
2023-04-07 11:04:30.270270,V-01,344.99,38.65,59.06,13333.86,74.08,91.26,1
2023-04-08 11:05:56.756756,V-01,384.01,30.57,58.88,11739.19,62.68,90.43,1
2023-04-09 11:07:23.243243,V-01,380.37,25.56,57.87,9722.26,71.94,93.69,1
2023-04-10 11:08:49.729729,V-01,413.06,31.36,54.47,12953.56,76.48,90.75,1
2023-04-11 11:10:16.216216,V-01,385.29,29.78,54.12,11473.94,83.97,99.57,1
2023-04-12 11:11:42.702702,V-01,382.96,26.52,63.54,10156.1,88.28,99.12,1
2023-04-13 11:13:09.189189,V-01,429.2,24.98,60.99,10721.42,78.57,99.88,1
2023-04-14 11:14:35.675675,V-01,392.72,28.91,61.9,11353.54,69.4,99.16,1
2023-04-15 11:16:02.162162,V-01,402.3,27.96,64.73,11248.31,91.86,95.39,1
2023-04-16 11:17:28.648648,V-01,416.4,31.49,59.07,13112.44,71.47,96.88,1
2023-04-17 11:18:55.135135,V-01,404.8,32.39,64.56,13111.47,63.47,99.53,1
2023-04-18 11:20:21.621621,V-01,384.93,38.28,62.56,14735.12,78.27,98.88,1
2023-04-19 11:21:48.108108,V-01,403.94,26.39,57.54,10659.98,97.08,94.02,1
2023-04-20 11:23:14.594594,V-01,406.8,32.31,65.74,13143.71,80.42,95.01,1
2023-04-21 11:24:41.081081,V-01,393.33,17.46,54.96,6867.54,65.31,97.38,1
2023-04-22 11:26:07.567567,V-01,403.41,27.79,57.06,11210.76,73.94,94.97,1
2023-04-23 11:27:34.054054,V-01,402.42,28.71,59.77,11553.48,66.73,90.95,1
2023-04-24 11:29:00.540540,V-01,398.6,24.49,56.66,9761.71,82.88,94.38,1
2023-04-25 11:30:27.027027,V-01,412.65,31.53,59.37,13010.85,88.01,92.95,1
2023-04-26 11:31:53.513513,V-01,395.02,20.86,61.94,8240.12,87.0,98.32,1
2023-04-27 11:33:20.000000,V-01,375.57,17.26,62.49,6482.34,82.48,98.07,1
2023-04-28 11:34:46.486486,V-01,399.88,32.82,60.74,13124.06,61.72,93.99,1
2023-04-29 11:36:12.972972,V-01,380.34,28.36,59.23,10786.44,90.38,91.16,1
2023-04-30 11:37:39.459459,V-01,372.75,27.47,62.52,10239.44,74.5,91.27,1
2023-05-01 11:39:05.945945,V-01,371.24,19.52,61.69,7246.6,62.52,91.59,1
2023-05-02 11:40:32.432432,V-01,343.36,30.09,58.71,10331.7,76.04,93.46,1
2023-05-03 11:41:58.918918,V-01,406.79,28.45,61.94,11573.18,81.48,92.7,1
2023-05-04 11:43:25.405405,V-01,401.54,30.58,64.84,12279.09,60.71,94.49,1
2023-05-05 11:44:51.891891,V-01,386.69,35.2,51.87,13611.49,94.0,95.42,1
2023-05-06 11:46:18.378378,V-01,408.96,28.56,60.03,11679.9,69.2,92.84,1
2023-05-07 11:47:44.864864,V-01,431.41,29.99,65.06,12937.99,77.5,98.05,1
2023-05-08 11:49:11.351351,V-01,411.98,41.79,64.94,17216.64,81.42,91.62,1
2023-05-09 11:50:37.837837,V-01,356.46,40.01,62.83,14261.96,66.94,90.62,1
2023-05-10 11:52:04.324324,V-01,405.54,36.19,62.92,14676.49,90.91,92.76,1
2023-05-11 11:53:30.810810,V-01,391.34,34.84,57.13,13634.29,71.91,92.5,1
2023-05-12 11:54:57.297297,V-01,416.95,28.79,57.89,12003.99,82.53,99.96,1
2023-05-13 11:56:23.783783,V-01,345.86,30.52,58.05,10555.65,81.68,91.54,1
2023-05-14 11:57:50.270270,V-01,399.89,22.81,61.27,9121.49,65.53,98.61,1
2023-05-15 11:59:16.756756,V-01,395.45,30.57,60.53,12088.91,77.21,90.53,1
2023-05-16 12:00:43.243243,V-01,380.3,23.41,60.92,8902.82,75.68,98.12,1
2023-05-17 12:02:09.729729,V-01,337.65,32.09,57.98,10835.19,94.58,90.73,1
2023-05-18 12:03:36.216216,V-01,387.54,30.11,60.0,11668.83,73.08,90.06,1
2023-05-19 12:05:02.702702,V-01,386.7,34.14,59.66,13201.94,74.27,91.65,1
2023-05-20 12:06:29.189189,V-01,373.23,26.83,60.66,10013.76,88.22,94.43,1
2023-05-21 12:07:55.675675,V-01,375.06,26.74,64.75,10029.1,79.19,90.83,1
2023-05-22 12:09:22.162162,V-01,387.71,28.28,60.53,10964.44,54.58,94.06,1
2023-05-23 12:10:48.648648,V-01,393.83,23.95,60.06,9432.23,64.06,94.41,1
2023-05-24 12:12:15.135135,V-01,385.31,33.26,59.18,12815.41,82.04,98.19,1
2023-05-25 12:13:41.621621,V-01,340.65,41.38,60.21,14096.1,91.27,90.08,1
2023-05-26 12:15:08.108108,V-01,386.22,35.71,62.39,13791.92,80.64,90.77,1
2023-05-27 12:16:34.594594,V-01,428.78,26.91,61.12,11538.47,83.15,94.42,1
2023-05-28 12:18:01.081081,V-01,403.72,24.16,62.64,9753.88,70.5,94.08,1
2023-05-29 12:19:27.567567,V-01,376.18,19.23,58.54,7233.94,104.02,92.33,1
2023-05-30 12:20:54.054054,V-01,343.29,32.17,60.6,11043.64,87.95,99.79,1
2023-05-31 12:22:20.540540,V-01,385.69,37.32,61.42,14393.95,59.01,98.72,1
2023-06-01 12:23:47.027027,V-01,423.2,23.96,63.18,10139.87,85.86,97.08,1
2023-06-02 12:25:13.513513,V-01,415.4,27.95,62.02,11610.43,94.89,94.21,1
2023-06-03 12:26:40.000000,V-01,404.3,24.34,57.76,9840.66,78.99,91.02,1
2023-06-04 12:28:06.486486,V-01,376.1,27.25,62.58,10248.72,72.0,92.75,1
2023-06-05 12:29:32.972972,V-01,350.83,27.17,60.7,9532.05,83.05,94.69,1
2023-06-06 12:30:59.459459,V-01,431.42,34.59,58.29,14922.82,77.17,94.69,1
2023-06-07 12:32:25.945945,V-01,438.61,30.1,53.65,13202.16,97.87,99.1,1
2023-06-08 12:33:52.432432,V-01,411.35,24.38,54.54,10028.71,87.51,97.11,1
2023-06-09 12:35:18.918918,V-01,383.33,37.14,60.67,14236.88,67.33,96.78,1
2023-06-10 12:36:45.405405,V-01,388.95,28.79,57.72,11197.87,79.77,92.29,1
2023-06-11 12:38:11.891891,V-01,474.63,19.27,58.2,9146.12,80.0,94.31,1
2023-06-12 12:39:38.378378,V-01,332.4,35.87,57.96,11923.19,77.9,99.17,1
2023-06-13 12:41:04.864864,V-01,452.56,21.62,59.58,9784.35,84.01,98.35,1
2023-06-14 12:42:31.351351,V-01,393.35,24.74,59.12,9731.48,68.44,92.81,1
2023-06-15 12:43:57.837837,V-01,407.59,32.29,59.07,13161.08,93.26,97.44,1
2023-06-16 12:45:24.324324,V-01,393.94,30.62,63.14,12062.44,76.04,97.01,1
2023-06-17 12:46:50.810810,V-01,412.15,42.34,58.07,17450.43,79.32,92.65,1
2023-06-18 12:48:17.297297,V-01,418.81,25.25,62.17,10574.95,70.4,92.26,1
2023-06-19 12:49:43.783783,V-01,388.5,34.2,56.84,13286.7,71.06,93.44,1
2023-06-20 12:51:10.270270,V-01,409.87,31.03,56.5,12718.27,84.07,92.2,1
2023-06-21 12:52:36.756756,V-01,415.4,30.51,58.94,12673.85,74.03,97.21,1
2023-06-22 12:54:03.243243,V-01,420.67,27.71,58.57,11656.77,87.35,93.73,1
2023-06-23 12:55:29.729729,V-01,383.44,26.15,58.5,10026.96,86.8,95.09,1
2023-06-24 12:56:56.216216,V-01,468.48,33.7,58.94,15787.78,78.02,95.23,1
2023-06-25 12:58:22.702702,V-01,394.98,20.32,60.33,8025.99,86.98,92.33,1
2023-06-26 12:59:49.189189,V-01,377.49,32.34,56.99,12208.03,91.22,99.76,1
2023-06-27 13:01:15.675675,V-01,369.17,22.41,60.83,8273.1,76.3,90.67,1
2023-06-28 13:02:42.162162,V-01,423.07,27.76,55.04,11744.42,63.93,92.41,1
2023-06-29 13:04:08.648648,V-01,432.65,27.79,59.78,12023.34,75.26,92.45,1
2023-06-30 13:05:35.135135,V-01,402.63,27.37,62.01,11019.98,57.97,95.72,1
2023-07-01 13:07:01.621621,V-01,385.77,31.02,57.45,11966.59,94.03,96.09,1
2023-07-02 13:08:28.108108,V-01,408.22,30.0,61.73,12246.6,73.15,93.38,1
2023-07-03 13:09:54.594594,V-01,378.03,31.73,58.98,11994.89,99.39,98.34,1
2023-07-04 13:11:21.081081,V-01,391.13,40.9,58.35,15997.22,64.65,99.55,1
2023-07-05 13:12:47.567567,V-01,376.6,41.63,62.73,15677.86,73.24,98.99,1
2023-07-06 13:14:14.054054,V-01,354.2,33.67,60.44,11925.91,91.86,95.07,1
2023-07-07 13:15:40.540540,V-01,379.65,33.01,56.58,12532.25,96.33,92.03,1
2023-07-08 13:17:07.027027,V-01,370.52,37.62,62.48,13938.96,62.83,98.8,1
2023-07-09 13:18:33.513513,V-01,367.02,24.61,61.81,9032.36,86.96,92.29,1
2023-07-10 13:20:00.000000,V-01,416.93,32.34,58.2,13483.52,80.14,97.32,1
2023-07-11 13:21:26.486486,V-01,417.94,40.11,60.11,16763.57,89.0,98.62,1
2023-07-12 13:22:52.972972,V-01,443.67,38.36,61.6,17019.18,64.33,92.91,1
2023-07-13 13:24:19.459459,V-01,393.63,32.88,65.98,12942.55,94.46,94.5,1
2023-07-14 13:25:45.945945,V-01,389.0,23.59,62.81,9176.51,85.39,98.52,1
2023-07-15 13:27:12.432432,V-01,414.96,24.67,60.42,10237.06,79.96,94.05,1
2023-07-16 13:28:38.918918,V-01,433.4,36.13,57.91,15658.74,84.68,97.37,1
2023-07-17 13:30:05.405405,V-01,399.92,24.0,55.59,9598.08,82.39,98.08,1
2023-07-18 13:31:31.891891,V-01,351.73,27.53,64.31,9683.13,71.19,99.32,1
2023-07-19 13:32:58.378378,V-01,425.72,32.98,58.7,14040.25,79.31,92.26,1
2023-07-20 13:34:24.864864,V-01,417.42,26.71,53.18,11149.29,81.38,96.37,1
2023-07-21 13:35:51.351351,V-01,438.95,23.67,62.16,10389.95,80.69,96.04,1
2023-07-22 13:37:17.837837,V-01,467.03,28.24,62.8,13188.93,100.45,90.64,1
2023-07-23 13:38:44.324324,V-01,435.66,27.66,61.22,12050.36,88.13,96.89,1
2023-07-24 13:40:10.810810,V-01,424.63,20.68,61.19,8781.35,79.11,93.55,1
2023-07-25 13:41:37.297297,V-01,415.95,23.52,61.11,9783.14,80.46,94.2,1
2023-07-26 13:43:03.783783,V-01,367.26,24.45,61.43,8979.51,68.85,93.73,1
2023-07-27 13:44:30.270270,V-01,423.45,29.78,60.02,12610.34,82.01,93.17,1
2023-07-28 13:45:56.756756,V-01,414.11,28.61,63.86,11847.69,78.94,97.33,1
2023-07-29 13:47:23.243243,V-01,386.01,32.66,61.41,12607.09,86.41,92.37,1
2023-07-30 13:48:49.729729,V-01,378.27,38.2,60.53,14449.91,92.5,94.9,1
2023-07-31 13:50:16.216216,V-01,406.42,28.26,53.24,11485.43,82.02,96.23,1
2023-08-01 13:51:42.702702,V-01,446.6,34.87,59.16,15572.94,65.98,94.95,1
2023-08-02 13:53:09.189189,V-01,467.92,26.93,59.28,12601.09,79.44,99.25,1
2023-08-03 13:54:35.675675,V-01,329.31,34.55,58.25,11377.66,86.63,98.29,1
2023-08-04 13:56:02.162162,V-01,368.66,34.7,60.14,12792.5,84.19,92.61,1
2023-08-05 13:57:28.648648,V-01,418.24,33.15,57.47,13864.66,89.49,98.18,1
2023-08-06 13:58:55.135135,V-01,383.57,44.47,59.7,17057.36,85.37,90.31,1
2023-08-07 14:00:21.621621,V-01,421.74,33.92,61.77,14305.42,63.57,91.31,1
2023-08-08 14:01:48.108108,V-01,384.59,26.64,54.34,10245.48,86.23,96.26,1
2023-08-09 14:03:14.594594,V-01,400.84,24.1,58.82,9660.24,71.04,91.39,1
2023-08-10 14:04:41.081081,V-01,412.36,34.3,59.99,14143.95,108.14,90.39,1
2023-08-11 14:06:07.567567,V-01,423.39,23.3,59.4,9864.99,71.63,98.62,1
2023-08-12 14:07:34.054054,V-01,437.39,37.12,61.66,16235.92,78.65,96.44,1
2023-08-13 14:09:00.540540,V-01,355.2,34.97,60.43,12421.34,69.58,91.56,1
2023-08-14 14:10:27.027027,V-01,444.39,33.09,58.05,14704.87,88.02,97.11,1
2023-08-15 14:11:53.513513,V-01,462.75,23.39,56.31,10823.72,73.39,95.83,1
2023-08-16 14:13:20.000000,V-01,423.36,37.36,57.41,15816.73,77.95,90.28,1
2023-08-17 14:14:46.486486,V-01,390.41,31.56,56.74,12321.34,83.11,95.22,1
2023-08-18 14:16:12.972972,V-01,392.88,26.43,63.64,10383.82,96.28,99.56,1
2023-08-19 14:17:39.459459,V-01,442.05,30.28,58.55,13385.27,63.75,90.04,1
2023-08-20 14:19:05.945945,V-01,409.45,36.49,60.69,14940.83,74.54,94.27,1
2023-08-21 14:20:32.432432,V-01,443.54,28.86,64.21,12800.56,86.13,91.7,1
2023-08-22 14:21:58.918918,V-01,413.47,29.32,61.41,12122.94,69.62,98.0,1
2023-08-23 14:23:25.405405,V-01,385.89,32.63,62.24,12591.59,67.87,98.5,1
2023-08-24 14:24:51.891891,V-01,412.08,24.63,61.24,10149.53,84.71,95.31,1
2023-08-25 14:26:18.378378,V-01,420.8,17.37,57.48,7309.3,67.26,97.26,1
2023-08-26 14:27:44.864864,V-01,374.8,23.59,60.6,8841.53,90.77,96.1,1
2023-08-27 14:29:11.351351,V-01,410.12,38.98,60.65,15986.48,73.73,92.78,1
2023-08-28 14:30:37.837837,V-01,394.21,34.31,58.2,13525.35,98.9,93.72,1
2023-08-29 14:32:04.324324,V-01,355.89,30.71,59.87,10929.38,70.89,98.26,1
2023-08-30 14:33:30.810810,V-01,409.34,30.48,60.99,12476.68,87.2,91.9,1
2023-08-31 14:34:57.297297,V-01,406.17,30.5,60.16,12388.19,96.21,95.93,1
2023-09-01 14:36:23.783783,V-01,392.3,33.88,55.98,13291.12,84.38,90.47,1
2023-09-02 14:37:50.270270,V-01,371.09,25.57,59.37,9488.77,77.84,99.36,1
2023-09-03 14:39:16.756756,V-01,432.42,25.33,60.86,10953.2,79.79,95.11,1
2023-09-04 14:40:43.243243,V-01,405.27,27.4,56.04,11104.4,74.69,92.85,1
2023-09-05 14:42:09.729729,V-01,418.72,29.54,60.28,12368.99,72.95,97.11,1
2023-09-06 14:43:36.216216,V-01,422.32,33.68,59.07,14223.74,88.65,98.22,1
2023-09-07 14:45:02.702702,V-01,402.13,29.86,61.87,12007.6,88.67,92.19,1
2023-09-08 14:46:29.189189,V-01,395.17,36.34,60.82,14360.48,69.48,96.55,1
2023-09-09 14:47:55.675675,V-01,433.8,30.0,64.15,13014.0,62.42,98.46,1
2023-09-10 14:49:22.162162,V-01,425.76,33.46,56.53,14245.93,81.32,90.97,1
2023-09-11 14:50:48.648648,V-01,417.21,30.28,59.99,12633.12,73.36,94.48,1
2023-09-12 14:52:15.135135,V-01,376.72,38.99,58.28,14688.31,85.32,96.85,1
2023-09-13 14:53:41.621621,V-01,388.73,33.83,61.09,13150.74,65.37,96.73,1
2023-09-14 14:55:08.108108,V-01,392.24,35.5,54.36,13924.52,78.53,93.54,1
2023-09-15 14:56:34.594594,V-01,349.87,24.47,62.98,8561.32,91.51,92.65,1
2023-09-16 14:58:01.081081,V-01,460.59,25.0,58.16,11514.75,74.24,91.36,1
2023-09-17 14:59:27.567567,V-01,443.29,30.44,57.19,13493.75,84.29,90.97,1
2023-09-18 15:00:54.054054,V-01,462.55,19.43,59.98,8987.35,74.04,90.02,1
2023-09-19 15:02:20.540540,V-01,360.67,25.99,58.53,9373.81,61.5,93.37,1
2023-09-20 15:03:47.027027,V-01,344.83,37.83,58.45,13044.92,60.77,95.68,1
2023-09-21 15:05:13.513513,V-01,420.04,21.29,64.81,8942.65,84.86,90.09,1
2023-09-22 15:06:40.000000,V-01,404.95,32.51,56.8,13164.92,85.55,96.16,1
2023-09-23 15:08:06.486486,V-01,372.41,27.87,57.25,10379.07,71.93,96.76,1
2023-09-24 15:09:32.972972,V-01,358.48,27.07,61.23,9704.05,79.77,93.92,1
2023-09-25 15:10:59.459459,V-01,392.75,28.15,59.18,11055.91,56.86,91.81,1
2023-09-26 15:12:25.945945,V-01,462.57,30.81,62.33,14251.78,85.3,96.82,1
2023-09-27 15:13:52.432432,V-01,356.59,22.51,58.35,8026.84,107.05,93.71,1
2023-09-28 15:15:18.918918,V-01,412.4,31.39,59.88,12945.24,70.06,97.33,1
2023-09-29 15:16:45.405405,V-01,355.14,33.68,59.61,11961.12,80.15,92.67,1
2023-09-30 15:18:11.891891,V-01,439.23,29.22,61.16,12834.3,72.1,94.46,1
2023-10-01 15:19:38.378378,V-01,380.71,35.02,52.42,13332.46,95.58,94.22,1
2023-10-02 15:21:04.864864,V-01,344.03,27.74,58.04,9543.39,68.45,93.79,1
2023-10-03 15:22:31.351351,V-01,471.43,26.53,60.07,12507.04,68.24,97.08,1
2023-10-04 15:23:57.837837,V-01,371.61,34.26,55.1,12731.36,85.04,97.46,1
2023-10-05 15:25:24.324324,V-01,431.36,25.71,60.24,11090.27,88.9,90.1,1
2023-10-06 15:26:50.810810,V-01,378.39,43.04,58.43,16285.91,81.07,96.25,1
2023-10-07 15:28:17.297297,V-01,363.59,32.89,64.73,11958.48,72.88,97.72,1
2023-10-08 15:29:43.783783,V-01,375.5,33.52,54.11,12586.76,93.53,97.55,1
2023-10-09 15:31:10.270270,V-01,389.1,33.72,57.99,13120.45,96.74,98.94,1
2023-10-10 15:32:36.756756,V-01,387.53,26.11,55.89,10118.41,79.49,99.91,1
2023-10-11 15:34:03.243243,V-01,364.04,25.5,58.38,9283.02,76.2,94.71,1
2023-10-12 15:35:29.729729,V-01,394.64,23.16,58.06,9139.86,97.55,99.51,1
2023-10-13 15:36:56.216216,V-01,350.98,26.16,61.93,9181.64,93.35,92.45,1
2023-10-14 15:38:22.702702,V-01,424.28,22.32,60.85,9469.93,58.95,96.41,1
2023-10-15 15:39:49.189189,V-01,395.7,30.55,66.66,12088.64,73.07,91.01,1
2023-10-16 15:41:15.675675,V-01,364.86,23.64,55.21,8625.29,61.98,98.32,1
2023-10-17 15:42:42.162162,V-01,383.78,29.18,59.9,11198.7,89.06,94.41,1
2023-10-18 15:44:08.648648,V-01,396.25,34.32,57.08,13599.3,69.57,97.16,1
2023-10-19 15:45:35.135135,V-01,424.92,36.23,59.21,15394.85,70.36,96.73,1
2023-10-20 15:47:01.621621,V-01,395.31,25.86,58.34,10222.72,88.93,94.57,1
2023-10-21 15:48:28.108108,V-01,421.26,28.6,60.94,12048.04,72.82,98.24,1
2023-10-22 15:49:54.594594,V-01,414.93,30.24,58.84,12547.48,84.53,98.83,1
2023-10-23 15:51:21.081081,V-01,420.85,30.73,56.73,12932.72,69.0,93.6,1
2023-10-24 15:52:47.567567,V-01,379.71,28.2,57.28,10707.82,81.88,96.7,1
2023-10-25 15:54:14.054054,V-01,374.35,27.91,58.77,10448.11,70.59,98.45,1
2023-10-26 15:55:40.540540,V-01,389.97,31.56,57.97,12307.45,86.63,90.9,1
2023-10-27 15:57:07.027027,V-01,398.35,32.35,64.0,12886.62,88.7,94.15,1
2023-10-28 15:58:33.513513,V-01,390.96,37.85,65.55,14797.84,76.69,94.21,1
2023-10-29 16:00:00.000000,V-01,380.83,26.97,59.19,10270.99,83.4,98.59,1
2023-10-30 16:01:26.486486,V-01,420.1,30.73,60.69,12909.67,90.28,99.06,1
2023-10-31 16:02:52.972972,V-01,382.25,38.7,63.8,14793.08,81.55,99.17,1
2023-11-01 16:04:19.459459,V-01,404.07,30.6,63.48,12364.54,95.17,98.61,1
2023-11-02 16:05:45.945945,V-01,391.96,22.51,60.03,8823.02,85.11,98.05,1
2023-11-03 16:07:12.432432,V-01,390.81,23.95,57.98,9359.9,84.65,96.74,1
2023-11-04 16:08:38.918918,V-01,358.43,23.68,62.74,8487.62,68.01,99.76,1
2023-11-05 16:10:05.405405,V-01,427.55,27.55,57.61,11779.0,83.6,96.83,1
2023-11-06 16:11:31.891891,V-01,436.84,27.73,58.84,12113.57,78.56,94.57,1
2023-11-07 16:12:58.378378,V-01,416.02,30.92,58.35,12863.34,57.48,97.99,1
2023-11-08 16:14:24.864864,V-01,447.56,30.76,55.94,13766.95,72.73,94.33,1
2023-11-09 16:15:51.351351,V-01,434.78,33.12,61.17,14399.91,90.78,95.46,1
2023-11-10 16:17:17.837837,V-01,377.41,26.66,58.32,10061.75,90.4,97.17,1
2023-11-11 16:18:44.324324,V-01,416.1,24.59,63.21,10231.9,89.42,92.61,1
2023-11-12 16:20:10.810810,V-01,419.61,30.25,61.86,12693.2,86.27,97.44,1
2023-11-13 16:21:37.297297,V-01,395.45,25.11,56.34,9929.75,74.51,98.58,1
2023-11-14 16:23:03.783783,V-01,399.7,29.67,55.84,11859.1,92.29,95.14,1
2023-11-15 16:24:30.270270,V-01,428.23,28.0,58.84,11990.44,80.42,91.49,1
2023-11-16 16:25:56.756756,V-01,414.32,33.01,61.59,13676.7,85.48,98.94,1
2023-11-17 16:27:23.243243,V-01,432.4,36.0,62.47,15566.4,78.63,93.3,1
2023-11-18 16:28:49.729729,V-01,398.09,29.84,57.51,11879.01,77.36,99.45,1
2023-11-19 16:30:16.216216,V-01,426.47,26.06,58.95,11113.81,73.0,99.25,1
2023-11-20 16:31:42.702702,V-01,386.9,18.77,60.79,7262.11,87.45,95.45,1
2023-11-21 16:33:09.189189,V-01,375.27,21.05,58.83,7899.43,83.58,94.68,1
2023-11-22 16:34:35.675675,V-01,411.24,33.07,61.52,13599.71,85.04,94.17,1
2023-11-23 16:36:02.162162,V-01,393.48,25.15,54.2,9896.02,86.83,98.79,1
2023-11-24 16:37:28.648648,V-01,382.04,33.71,62.02,12878.57,81.56,93.88,1
2023-11-25 16:38:55.135135,V-01,405.94,27.76,63.14,11268.89,78.9,91.32,1
2023-11-26 16:40:21.621621,V-01,394.24,15.09,57.9,5949.08,79.67,95.5,1
2023-11-27 16:41:48.108108,V-01,418.6,36.2,58.42,15153.32,72.38,95.18,1
2023-11-28 16:43:14.594594,V-01,411.47,36.3,56.71,14936.36,89.57,99.7,1
2023-11-29 16:44:41.081081,V-01,402.63,34.5,57.96,13890.74,66.62,96.25,1
2023-11-30 16:46:07.567567,V-01,389.63,26.91,54.19,10484.94,58.42,96.39,1
2023-12-01 16:47:34.054054,V-01,369.22,29.98,57.76,11069.22,74.46,91.79,1
2023-12-02 16:49:00.540540,V-01,382.73,37.84,58.58,14482.5,79.37,96.61,1
2023-12-03 16:50:27.027027,V-01,442.74,35.61,60.05,15765.97,84.56,97.17,1
2023-12-04 16:51:53.513513,V-01,331.55,34.71,58.88,11508.1,61.43,95.4,1
2023-12-05 16:53:19.999999,V-01,380.21,32.04,62.73,12181.93,57.74,99.05,1
2023-12-06 16:54:46.486486,V-01,423.62,28.96,63.09,12268.04,87.14,90.49,1
2023-12-07 16:56:12.972972,V-01,434.23,20.74,63.82,9005.93,83.8,97.24,1
2023-12-08 16:57:39.459459,V-01,417.76,29.21,51.87,12202.77,88.07,97.37,1
2023-12-09 16:59:05.945945,V-01,379.01,34.34,65.12,13015.2,73.72,97.46,1
2023-12-10 17:00:32.432432,V-01,395.96,26.78,59.63,10603.81,86.19,93.38,1
2023-12-11 17:01:58.918918,V-01,390.39,29.77,63.52,11621.91,87.25,96.09,1
2023-12-12 17:03:25.405405,V-01,382.98,25.79,61.31,9877.05,89.85,95.75,1
2023-12-13 17:04:51.891891,V-01,359.89,34.27,57.41,12333.43,87.23,95.8,1
2023-12-14 17:06:18.378378,V-01,424.71,26.36,62.41,11195.36,76.39,93.66,1
2023-12-15 17:07:44.864864,V-01,429.88,35.79,60.78,15385.41,82.57,98.46,1
2023-12-16 17:09:11.351351,V-01,448.36,25.77,61.6,11554.24,81.0,92.61,1
2023-12-17 17:10:37.837837,V-01,414.63,31.5,62.59,13060.84,76.99,97.58,1
2023-12-18 17:12:04.324324,V-01,397.81,35.35,64.25,14062.58,79.09,99.01,1
2023-12-19 17:13:30.810810,V-01,379.32,21.62,54.5,8200.9,88.92,90.42,1
2023-12-20 17:14:57.297297,V-01,418.89,29.27,60.37,12260.91,83.97,90.63,1
2023-12-21 17:16:23.783783,V-01,392.87,27.86,64.59,10945.36,90.5,92.62,1
2023-12-22 17:17:50.270270,V-01,390.03,38.22,60.95,14906.95,95.23,99.6,1
2023-12-23 17:19:16.756756,V-01,371.52,33.13,66.12,12308.46,92.13,92.39,1
2023-12-24 17:20:43.243243,V-01,386.34,33.77,58.6,13046.7,64.96,94.92,1
2023-12-25 17:22:09.729729,V-01,397.94,29.58,63.24,11771.07,76.65,95.4,1
2023-12-26 17:23:36.216216,V-01,397.41,30.24,58.7,12017.68,75.64,91.26,1
2023-12-27 17:25:02.702702,V-01,427.74,31.06,60.75,13285.6,79.89,98.71,1
2023-12-28 17:26:29.189189,V-01,406.28,26.58,58.38,10798.92,83.97,91.97,1
2023-12-29 17:27:55.675675,V-01,443.84,34.65,57.57,15379.06,70.23,90.06,1
2023-12-30 17:29:22.162162,V-01,417.26,31.35,58.67,13081.1,87.45,96.32,1
2023-12-31 17:30:48.648648,V-01,448.26,39.74,59.97,17813.85,77.45,97.05,1
2024-01-01 17:32:15.135135,V-01,435.33,24.73,55.29,10765.71,93.74,97.74,1
2024-01-02 17:33:41.621621,V-01,386.1,33.85,61.47,13069.48,87.33,96.45,1
2024-01-03 17:35:08.108108,V-01,382.16,32.67,61.96,12485.17,61.06,95.82,1
2024-01-04 17:36:34.594594,V-01,416.47,25.18,55.81,10486.71,78.96,93.18,1
2024-01-05 17:38:01.081081,V-01,392.49,40.23,60.78,15789.87,87.25,93.89,1
2024-01-06 17:39:27.567567,V-01,386.51,23.93,64.52,9249.18,70.87,96.24,1
2024-01-07 17:40:54.054054,V-01,411.61,27.77,55.01,11430.41,81.19,99.67,1
2024-01-08 17:42:20.540540,V-01,392.46,40.92,54.41,16059.46,81.32,90.34,1
2024-01-09 17:43:47.027027,V-01,356.96,28.24,58.4,10080.55,78.25,98.2,1
2024-01-10 17:45:13.513513,V-01,366.28,34.57,59.89,12662.3,70.67,95.96,1
2024-01-11 17:46:39.999999,V-01,413.73,22.28,56.26,9217.9,102.3,99.3,1
2024-01-12 17:48:06.486486,V-01,370.11,33.42,59.17,12369.08,76.09,97.72,1
2024-01-13 17:49:32.972972,V-01,421.28,34.52,60.61,14542.59,45.91,98.26,1
2024-01-14 17:50:59.459459,V-01,409.18,24.63,62.23,10078.1,75.27,98.13,1
2024-01-15 17:52:25.945945,V-01,411.09,26.4,54.32,10852.78,92.26,95.33,1
2024-01-16 17:53:52.432432,V-01,356.31,41.98,68.57,14957.89,86.45,96.7,1
2024-01-17 17:55:18.918918,V-01,421.54,16.52,64.8,6963.84,65.72,98.96,1
2024-01-18 17:56:45.405405,V-01,434.86,29.75,63.92,12937.08,80.71,95.49,1
2024-01-19 17:58:11.891891,V-01,428.13,31.26,62.01,13383.34,82.09,91.61,1
2024-01-20 17:59:38.378378,V-01,349.82,33.98,58.2,11886.88,84.79,93.45,1
2024-01-21 18:01:04.864864,V-01,439.69,30.22,67.49,13287.43,69.92,98.93,1
2024-01-22 18:02:31.351351,V-01,395.95,34.65,59.67,13719.67,84.4,95.05,1
2024-01-23 18:03:57.837837,V-01,435.48,25.13,57.8,10943.61,66.05,91.75,1
2024-01-24 18:05:24.324324,V-01,408.61,26.12,64.5,10672.89,81.6,93.42,1
2024-01-25 18:06:50.810810,V-01,428.85,22.34,64.8,9580.51,80.0,90.01,1
2024-01-26 18:08:17.297297,V-01,418.36,27.81,56.26,11634.59,68.4,90.68,1
2024-01-27 18:09:43.783783,V-01,404.3,27.24,59.12,11013.13,85.64,95.72,1
2024-01-28 18:11:10.270270,V-01,440.73,24.18,58.75,10656.85,69.13,96.97,1
2024-01-29 18:12:36.756756,V-01,463.09,23.85,57.23,11044.7,72.46,92.69,1
2024-01-30 18:14:03.243243,V-01,371.34,29.26,55.81,10865.41,97.68,91.55,1
2024-01-31 18:15:29.729729,V-01,417.02,31.12,64.46,12977.66,72.28,90.52,1
2024-02-01 18:16:56.216216,V-01,345.45,41.66,57.23,14391.45,63.32,95.41,1
2024-02-02 18:18:22.702702,V-01,441.43,33.07,57.83,14598.09,75.78,96.15,1
2024-02-03 18:19:49.189189,V-01,354.77,28.84,57.0,10231.57,87.52,92.41,1
2024-02-04 18:21:15.675675,V-01,354.89,23.92,65.37,8488.97,72.14,92.85,1
2024-02-05 18:22:42.162162,V-01,410.28,37.28,56.73,15295.24,78.89,92.5,1
2024-02-06 18:24:08.648648,V-01,438.13,41.84,55.27,18331.36,73.03,94.71,1
2024-02-07 18:25:35.135135,V-01,411.87,24.04,56.86,9901.35,71.73,96.69,1
2024-02-08 18:27:01.621621,V-01,390.53,39.87,52.95,15570.43,72.16,91.01,1
2024-02-09 18:28:28.108108,V-01,358.52,30.96,62.09,11099.78,95.68,94.04,1
2024-02-10 18:29:54.594594,V-01,411.64,30.04,59.23,12365.67,94.42,94.65,1
2024-02-11 18:31:21.081081,V-01,384.67,24.57,58.74,9451.34,69.94,93.5,1
2024-02-12 18:32:47.567567,V-01,430.09,29.58,60.73,12722.06,86.49,93.3,1
2024-02-13 18:34:14.054054,V-01,421.97,29.08,63.35,12270.89,66.4,90.85,1
2024-02-14 18:35:40.540540,V-01,399.32,21.03,60.91,8397.7,76.18,96.6,1
2024-02-15 18:37:07.027027,V-01,391.03,32.63,58.85,12759.31,65.58,91.16,1
2024-02-16 18:38:33.513513,V-01,371.32,30.32,57.01,11258.42,88.29,96.24,1
2024-02-17 18:39:59.999999,V-01,425.44,31.06,64.9,13214.17,62.2,95.37,1
2024-02-18 18:41:26.486486,V-01,393.08,28.09,61.84,11041.62,88.14,92.15,1
2024-02-19 18:42:52.972972,V-01,345.22,29.36,53.02,10135.66,85.79,94.49,1
2024-02-20 18:44:19.459459,V-01,371.51,26.87,60.05,9982.47,71.45,94.17,1
2024-02-21 18:45:45.945945,V-01,398.46,30.92,61.93,12320.38,84.08,97.79,1
2024-02-22 18:47:12.432432,V-01,400.06,29.04,58.7,11617.74,86.32,90.99,1
2024-02-23 18:48:38.918918,V-01,414.93,40.19,56.3,16676.04,81.48,90.18,1
2024-02-24 18:50:05.405405,V-01,409.24,31.36,59.6,12833.77,83.27,98.38,1
2024-02-25 18:51:31.891891,V-01,389.04,27.29,60.22,10616.9,70.3,98.67,1
2024-02-26 18:52:58.378378,V-01,400.48,27.17,56.45,10881.04,72.69,99.92,1
2024-02-27 18:54:24.864864,V-01,423.4,24.51,66.23,10377.53,89.68,98.08,1
2024-02-28 18:55:51.351351,V-01,418.72,28.87,58.33,12088.45,76.42,96.76,1
2024-02-29 18:57:17.837837,V-01,455.76,28.79,57.51,13121.33,62.42,93.58,1
2024-03-01 18:58:44.324324,V-01,381.18,32.34,57.8,12327.36,93.29,99.15,1
2024-03-02 19:00:10.810810,V-01,416.67,30.88,55.09,12866.77,97.55,95.29,1
2024-03-03 19:01:37.297297,V-01,428.7,40.87,63.11,17520.97,74.8,91.67,1
2024-03-04 19:03:03.783783,V-01,411.43,24.52,59.4,10088.26,96.35,92.54,1
2024-03-05 19:04:30.270270,V-01,365.19,37.69,60.13,13764.01,88.95,90.08,1
2024-03-06 19:05:56.756756,V-01,368.15,26.6,57.77,9792.79,62.69,90.39,1
2024-03-07 19:07:23.243243,V-01,383.99,23.36,56.75,8970.01,65.37,99.05,1
2024-03-08 19:08:49.729729,V-01,351.53,25.13,59.78,8833.95,64.35,97.16,1
2024-03-09 19:10:16.216216,V-01,397.41,31.44,60.14,12494.57,85.64,91.98,1
2024-03-10 19:11:42.702702,V-01,386.7,32.08,62.21,12405.34,86.59,94.42,1
2024-03-11 19:13:09.189189,V-01,431.2,32.83,64.07,14156.3,70.08,91.07,1
2024-03-12 19:14:35.675675,V-01,425.45,26.46,61.22,11257.41,95.74,94.81,1
2024-03-13 19:16:02.162162,V-01,420.59,24.31,53.53,10224.54,61.79,92.31,1
2024-03-14 19:17:28.648648,V-01,386.45,26.57,55.83,10267.98,83.59,90.42,1
2024-03-15 19:18:55.135135,V-01,387.93,23.64,60.03,9170.67,67.47,95.67,1
2024-03-16 19:20:21.621621,V-01,403.93,31.32,59.94,12651.09,96.54,91.03,1
2024-03-17 19:21:48.108108,V-01,400.2,38.35,66.54,15347.67,80.35,94.42,1
2024-03-18 19:23:14.594594,V-01,440.21,26.65,63.41,11731.6,75.96,91.75,1
2024-03-19 19:24:41.081081,V-01,426.15,26.82,65.55,11429.34,70.63,98.02,1
2024-03-20 19:26:07.567567,V-01,396.35,36.15,55.58,14328.05,78.9,95.53,1
2024-03-21 19:27:34.054054,V-01,419.02,28.26,58.7,11841.51,89.96,98.67,1
2024-03-22 19:29:00.540540,V-01,484.94,36.65,60.12,17773.05,74.7,93.26,1
2024-03-23 19:30:27.027027,V-01,451.59,31.9,62.99,14405.72,80.58,99.3,1
2024-03-24 19:31:53.513513,V-01,371.05,21.59,63.31,8010.97,77.1,98.26,1
2024-03-25 19:33:20.000000,V-01,401.29,34.33,65.23,13776.29,73.91,93.56,1
2024-03-26 19:34:46.486486,V-01,426.4,26.71,56.46,11389.14,87.25,96.77,1
2024-03-27 19:36:12.972972,V-01,338.77,37.08,62.64,12561.59,91.01,93.83,1
2024-03-28 19:37:39.459459,V-01,421.26,35.73,62.55,15051.62,74.59,90.31,1
2024-03-29 19:39:05.945945,V-01,397.79,27.94,61.72,11114.25,83.81,96.74,1
2024-03-30 19:40:32.432432,V-01,376.62,23.33,58.36,8786.54,86.97,98.17,1
2024-03-31 19:41:58.918918,V-01,400.74,24.67,67.75,9886.26,91.36,97.38,1
2024-04-01 19:43:25.405405,V-01,410.6,25.23,60.46,10359.44,95.16,93.17,1
2024-04-02 19:44:51.891891,V-01,373.88,33.45,58.49,12506.29,90.15,96.29,1
2024-04-03 19:46:18.378378,V-01,445.05,38.97,58.43,17343.6,67.89,94.54,1
2024-04-04 19:47:44.864864,V-01,371.03,32.9,62.75,12206.89,83.1,94.08,1
2024-04-05 19:49:11.351351,V-01,401.6,38.77,62.48,15570.03,85.07,98.53,1
2024-04-06 19:50:37.837837,V-01,406.05,23.95,60.29,9724.9,79.37,96.58,1
2024-04-07 19:52:04.324324,V-01,417.86,26.7,61.78,11156.86,58.27,97.07,1
2024-04-08 19:53:30.810810,V-01,407.12,37.93,56.71,15442.06,76.53,91.69,1
2024-04-09 19:54:57.297297,V-01,407.17,32.41,61.43,13196.38,90.95,91.94,1
2024-04-10 19:56:23.783783,V-01,372.42,32.93,61.15,12263.79,80.23,99.31,1
2024-04-11 19:57:50.270270,V-01,391.04,31.94,62.87,12489.82,75.55,99.81,1
2024-04-12 19:59:16.756756,V-01,381.41,27.91,56.53,10645.15,64.04,94.8,1
2024-04-13 20:00:43.243243,V-01,396.21,31.89,60.04,12635.14,92.71,98.78,1
2024-04-14 20:02:09.729729,V-01,385.91,34.07,55.38,13147.95,80.62,94.22,1
2024-04-15 20:03:36.216216,V-01,395.5,32.01,61.25,12659.96,78.5,95.78,1
2024-04-16 20:05:02.702702,V-01,405.15,26.11,61.17,10578.47,73.07,94.07,1
2024-04-17 20:06:29.189189,V-01,419.6,36.29,62.87,15227.28,96.97,95.88,1
2024-04-18 20:07:55.675675,V-01,380.53,33.85,53.28,12880.94,81.41,92.53,1
2024-04-19 20:09:22.162162,V-01,398.59,33.62,64.41,13400.6,87.88,90.46,1
2024-04-20 20:10:48.648648,V-01,416.24,35.18,64.03,14643.32,69.2,94.58,1
2024-04-21 20:12:15.135135,V-01,406.2,30.53,62.23,12401.29,86.87,96.54,1
2024-04-22 20:13:41.621621,V-01,410.88,30.98,58.55,12729.06,83.98,95.22,1
2024-04-23 20:15:08.108108,V-01,411.8,33.66,60.15,13861.19,83.1,99.45,1
2024-04-24 20:16:34.594594,V-01,383.83,33.46,63.42,12842.95,86.26,94.63,1
2024-04-25 20:18:01.081081,V-01,366.6,25.76,55.63,9443.62,92.57,90.87,1
2024-04-26 20:19:27.567567,V-01,424.38,28.61,59.55,12141.51,103.86,96.34,1
2024-04-27 20:20:54.054054,V-01,418.2,37.57,59.59,15711.77,89.13,98.65,1
2024-04-28 20:22:20.540540,V-01,394.63,34.96,62.95,13796.26,50.95,99.32,1
2024-04-29 20:23:47.027027,V-01,397.97,31.27,54.96,12444.52,73.17,99.23,1
2024-04-30 20:25:13.513513,V-01,434.74,29.99,63.41,13037.85,101.96,96.84,1
2024-05-01 20:26:40.000000,V-01,400.98,31.65,63.71,12691.02,60.42,94.45,1
2024-05-02 20:28:06.486486,V-01,388.07,34.6,61.38,13427.22,80.57,91.71,1
2024-05-03 20:29:32.972972,V-01,387.92,34.56,60.74,13406.52,88.49,90.2,1
2024-05-04 20:30:59.459459,V-01,362.48,22.88,59.75,8293.54,91.29,95.62,1
2024-05-05 20:32:25.945945,V-01,457.11,47.49,57.87,21708.15,68.73,95.13,1
2024-05-06 20:33:52.432432,V-01,451.62,33.91,63.17,15314.43,65.3,91.75,1
2024-05-07 20:35:18.918918,V-01,399.88,24.61,56.02,9841.05,62.78,93.53,1
2024-05-08 20:36:45.405405,V-01,365.64,26.5,61.22,9689.46,82.88,92.98,1
2024-05-09 20:38:11.891891,V-01,436.63,25.61,61.33,11182.09,79.58,97.4,1
2024-05-10 20:39:38.378378,V-01,404.86,31.92,57.12,12923.13,92.02,99.12,1
2024-05-11 20:41:04.864864,V-01,457.68,23.7,56.5,10847.02,106.45,92.16,1
2024-05-12 20:42:31.351351,V-01,402.46,40.17,59.33,16166.82,68.83,98.42,1
2024-05-13 20:43:57.837837,V-01,379.11,30.94,57.39,11729.66,85.77,97.05,1
2024-05-14 20:45:24.324324,V-01,455.36,33.27,58.27,15149.83,89.42,90.44,1
2024-05-15 20:46:50.810810,V-01,401.09,31.68,59.12,12706.53,69.28,90.19,1
2024-05-16 20:48:17.297297,V-01,362.1,36.86,61.0,13347.01,88.28,92.37,1
2024-05-17 20:49:43.783783,V-01,363.27,32.77,63.89,11904.36,74.72,92.57,1
2024-05-18 20:51:10.270270,V-01,438.92,34.87,61.3,15305.14,62.69,90.92,1
2024-05-19 20:52:36.756756,V-01,415.94,36.62,64.27,15231.72,88.08,97.71,1
2024-05-20 20:54:03.243243,V-01,373.66,28.33,60.46,10585.79,87.45,93.59,1
2024-05-21 20:55:29.729729,V-01,341.03,33.75,57.67,11509.76,88.03,97.76,1
2024-05-22 20:56:56.216216,V-01,424.8,26.13,55.69,11100.02,69.18,96.51,1
2024-05-23 20:58:22.702702,V-01,364.95,29.98,60.98,10941.2,85.68,90.02,1
2024-05-24 20:59:49.189189,V-01,372.91,40.45,64.12,15084.21,72.79,99.06,1
2024-05-25 21:01:15.675675,V-01,427.51,20.34,58.61,8695.55,69.08,95.75,1
2024-05-26 21:02:42.162162,V-01,436.13,18.57,64.32,8098.93,92.36,91.04,1
2024-05-27 21:04:08.648648,V-01,358.26,28.87,60.7,10342.97,83.64,93.98,1
2024-05-28 21:05:35.135135,V-01,395.9,28.98,68.72,11473.18,77.39,95.42,1
2024-05-29 21:07:01.621621,V-01,481.11,30.61,56.74,14726.78,84.87,91.94,1
2024-05-30 21:08:28.108108,V-01,373.28,29.77,59.58,11112.55,86.02,95.23,1
2024-05-31 21:09:54.594594,V-01,413.12,26.57,58.57,10976.6,73.3,97.8,1
2024-06-01 21:11:21.081081,V-01,423.52,29.45,57.8,12472.66,83.95,98.04,1
2024-06-02 21:12:47.567567,V-01,404.16,34.25,62.62,13842.48,71.23,92.38,1
2024-06-03 21:14:14.054054,V-01,357.21,35.28,58.7,12602.37,64.87,96.93,1
2024-06-04 21:15:40.540540,V-01,384.71,27.96,60.11,10756.49,89.26,94.31,1
2024-06-05 21:17:07.027027,V-01,415.14,23.61,59.78,9801.46,65.97,98.64,1
2024-06-06 21:18:33.513513,V-01,399.88,33.4,61.29,13355.99,84.03,90.63,1
2024-06-07 21:20:00.000000,V-01,452.86,20.61,60.76,9333.44,76.86,97.41,1
2024-06-08 21:21:26.486486,V-01,411.37,24.38,63.69,10029.2,92.23,91.86,1
2024-06-09 21:22:52.972972,V-01,342.97,32.05,62.4,10992.19,76.45,92.77,1
2024-06-10 21:24:19.459459,V-01,405.36,33.54,58.15,13595.77,79.78,90.78,1
2024-06-11 21:25:45.945945,V-01,419.28,29.58,60.88,12402.3,107.91,92.52,1
2024-06-12 21:27:12.432432,V-01,432.71,22.01,60.45,9523.95,90.05,90.17,1
2024-06-13 21:28:38.918918,V-01,397.04,32.17,59.47,12772.78,82.82,99.58,1
2024-06-14 21:30:05.405405,V-01,407.77,36.84,55.36,15022.25,61.09,96.38,1
2024-06-15 21:31:31.891891,V-01,441.12,34.25,56.65,15108.36,82.28,97.97,1
2024-06-16 21:32:58.378378,V-01,436.88,40.18,59.92,17553.84,75.11,93.64,1
2024-06-17 21:34:24.864864,V-01,381.29,30.85,61.1,11762.8,87.69,93.44,1
2024-06-18 21:35:51.351351,V-01,440.63,26.27,65.82,11575.35,71.87,97.93,1
2024-06-19 21:37:17.837837,V-01,454.91,36.28,62.37,16504.13,63.06,99.51,1
2024-06-20 21:38:44.324324,V-01,365.13,23.01,64.32,8401.64,85.82,94.33,1
2024-06-21 21:40:10.810810,V-01,401.36,28.82,58.01,11567.2,93.91,92.83,1
2024-06-22 21:41:37.297297,V-01,409.73,28.07,60.98,11501.12,77.21,94.78,1
2024-06-23 21:43:03.783783,V-01,381.06,32.58,57.84,12414.93,85.42,93.71,1
2024-06-24 21:44:30.270270,V-01,403.13,34.34,60.17,13843.48,83.07,95.29,1
2024-06-25 21:45:56.756756,V-01,394.22,23.79,59.97,9378.49,61.92,95.96,1
2024-06-26 21:47:23.243243,V-01,391.85,23.37,60.81,9157.53,78.05,93.54,1
2024-06-27 21:48:49.729729,V-01,406.24,36.63,56.1,14880.57,74.49,92.52,1
2024-06-28 21:50:16.216216,V-01,382.71,33.66,62.87,12882.02,78.13,97.55,1
2024-06-29 21:51:42.702702,V-01,370.75,24.67,59.99,9146.4,67.7,92.77,1
2024-06-30 21:53:09.189189,V-01,436.23,22.49,58.82,9810.81,86.36,93.23,1
2024-07-01 21:54:35.675675,V-01,341.38,24.32,62.27,8302.36,78.31,99.79,1
2024-07-02 21:56:02.162162,V-01,380.52,26.78,61.68,10190.33,75.6,99.44,1
2024-07-03 21:57:28.648648,V-01,333.91,36.47,59.36,12177.7,69.97,99.72,1
2024-07-04 21:58:55.135135,V-01,417.42,35.94,60.42,15002.07,97.33,90.81,1
2024-07-05 22:00:21.621621,V-01,396.28,32.64,63.13,12934.58,74.39,97.16,1
2024-07-06 22:01:48.108108,V-01,426.06,35.96,63.15,15321.12,93.19,90.17,1
2024-07-07 22:03:14.594594,V-01,354.45,32.53,57.33,11530.26,93.95,93.84,1
2024-07-08 22:04:41.081081,V-01,348.36,28.47,57.3,9917.81,71.48,97.72,1
2024-07-09 22:06:07.567567,V-01,403.68,26.52,58.47,10705.59,83.23,90.13,1
2024-07-10 22:07:34.054054,V-01,414.07,28.2,60.53,11676.77,87.3,91.87,1
2024-07-11 22:09:00.540540,V-01,457.0,29.29,60.58,13385.53,71.3,90.28,1
2024-07-12 22:10:27.027027,V-01,465.26,40.85,58.82,19005.87,96.73,98.14,1
2024-07-13 22:11:53.513513,V-01,402.61,21.3,60.19,8575.59,82.35,95.52,1
2024-07-14 22:13:20.000000,V-01,383.97,28.27,53.34,10854.83,78.42,90.74,1
2024-07-15 22:14:46.486486,V-01,385.08,24.35,58.34,9376.7,93.53,93.61,1
2024-07-16 22:16:12.972972,V-01,371.1,31.58,57.6,11719.34,72.24,91.57,1
2024-07-17 22:17:39.459459,V-01,419.66,24.86,60.12,10432.75,99.13,94.82,1
2024-07-18 22:19:05.945945,V-01,332.59,39.42,62.89,13110.7,86.71,99.61,1
2024-07-19 22:20:32.432432,V-01,388.37,30.57,56.31,11872.47,77.41,99.24,1
2024-07-20 22:21:58.918918,V-01,381.62,26.66,62.94,10173.99,75.01,91.08,1
2024-07-21 22:23:25.405405,V-01,370.83,31.98,53.46,11859.14,84.83,98.19,1
2024-07-22 22:24:51.891891,V-01,362.36,33.71,56.15,12215.16,84.7,95.5,1
2024-07-23 22:26:18.378378,V-01,424.9,30.3,58.98,12874.47,68.49,99.32,1
2024-07-24 22:27:44.864864,V-01,427.52,30.29,60.02,12949.58,84.14,97.22,1
2024-07-25 22:29:11.351351,V-01,431.77,33.73,57.21,14563.6,81.42,95.49,1
2024-07-26 22:30:37.837837,V-01,430.7,32.82,59.47,14135.57,85.48,92.23,1
2024-07-27 22:32:04.324324,V-01,385.81,32.42,56.22,12507.96,86.21,92.19,1
2024-07-28 22:33:30.810810,V-01,381.42,30.76,60.62,11732.48,73.56,93.78,1
2024-07-29 22:34:57.297297,V-01,398.11,34.65,67.47,13794.51,49.03,96.27,1
2024-07-30 22:36:23.783783,V-01,431.45,21.67,58.27,9349.52,75.41,98.69,1
2024-07-31 22:37:50.270270,V-01,384.83,30.47,59.02,11725.77,83.75,90.96,1
2024-08-01 22:39:16.756756,V-01,380.2,28.14,56.88,10698.83,94.27,96.53,1
2024-08-02 22:40:43.243243,V-01,420.85,32.86,64.07,13829.13,75.65,96.26,1
2024-08-03 22:42:09.729729,V-01,452.51,30.86,59.92,13964.46,86.31,93.62,1
2024-08-04 22:43:36.216216,V-01,415.89,27.87,58.13,11590.85,70.99,97.19,1
2024-08-05 22:45:02.702702,V-01,385.49,34.23,62.35,13195.32,62.49,97.78,1
2024-08-06 22:46:29.189189,V-01,423.68,29.78,59.93,12617.19,92.21,90.74,1
2024-08-07 22:47:55.675675,V-01,420.88,30.26,58.17,12735.83,77.78,99.89,1
2024-08-08 22:49:22.162162,V-01,385.51,29.91,63.87,11530.6,80.39,95.95,1
2024-08-09 22:50:48.648648,V-01,373.08,27.98,57.24,10438.78,72.92,98.51,1
2024-08-10 22:52:15.135135,V-01,427.93,14.81,61.68,6337.64,66.67,93.92,1
2024-08-11 22:53:41.621621,V-01,482.02,30.61,59.18,14754.63,52.99,95.59,1
2024-08-12 22:55:08.108108,V-01,402.18,29.45,59.55,11844.2,79.04,99.39,1
2024-08-13 22:56:34.594594,V-01,373.22,19.75,63.91,7371.1,79.32,92.46,1
2024-08-14 22:58:01.081081,V-01,431.82,23.63,57.88,10203.91,73.75,97.45,1
2024-08-15 22:59:27.567567,V-01,445.85,27.46,61.97,12243.04,79.64,92.52,1
2024-08-16 23:00:54.054054,V-01,437.39,23.5,58.38,10278.66,70.84,98.14,1
2024-08-17 23:02:20.540540,V-01,392.97,30.9,62.28,12142.77,68.68,94.69,1
2024-08-18 23:03:47.027027,V-01,374.17,33.99,54.37,12718.04,79.33,93.14,1
2024-08-19 23:05:13.513513,V-01,399.77,31.25,62.3,12492.81,70.45,99.5,1
2024-08-20 23:06:40.000000,V-01,414.06,31.8,59.86,13167.11,82.48,97.39,1
2024-08-21 23:08:06.486486,V-01,394.43,29.09,62.73,11473.97,70.83,94.02,1
2024-08-22 23:09:32.972972,V-01,402.66,23.36,60.51,9406.14,81.2,96.83,1
2024-08-23 23:10:59.459459,V-01,405.18,38.98,62.24,15793.92,76.84,97.85,1
2024-08-24 23:12:25.945945,V-01,432.62,21.79,62.96,9426.79,80.63,99.2,1
2024-08-25 23:13:52.432432,V-01,387.47,30.8,60.42,11934.08,88.52,95.75,1
2024-08-26 23:15:18.918918,V-01,429.96,23.46,61.92,10086.86,76.45,98.85,1
2024-08-27 23:16:45.405405,V-01,387.36,27.74,61.01,10745.37,78.83,99.57,1
2024-08-28 23:18:11.891891,V-01,439.6,28.7,57.92,12616.52,57.6,97.23,1
2024-08-29 23:19:38.378378,V-01,399.26,33.67,60.26,13443.08,77.54,97.39,1
2024-08-30 23:21:04.864864,V-01,392.93,32.83,61.44,12899.89,74.2,91.06,1
2024-08-31 23:22:31.351351,V-01,435.79,27.28,59.43,11888.35,76.3,92.77,1
2024-09-01 23:23:57.837837,V-01,397.8,35.1,60.09,13962.78,94.77,99.8,1
2024-09-02 23:25:24.324324,V-01,349.31,35.84,58.97,12519.27,79.48,95.84,1
2024-09-03 23:26:50.810810,V-01,395.29,34.55,62.41,13657.27,82.28,90.93,1
2024-09-04 23:28:17.297297,V-01,406.19,28.42,61.72,11543.92,81.85,99.59,1
2024-09-05 23:29:43.783783,V-01,408.91,22.13,57.55,9049.18,81.51,90.19,1
2024-09-06 23:31:10.270270,V-01,363.79,28.5,59.45,10368.02,87.89,93.0,1
2024-09-07 23:32:36.756756,V-01,413.66,33.95,61.15,14043.76,74.25,95.08,1
2024-09-08 23:34:03.243243,V-01,394.13,37.47,58.62,14768.05,71.27,96.2,1
2024-09-09 23:35:29.729729,V-01,360.75,38.99,65.12,14065.64,77.56,97.32,1
2024-09-10 23:36:56.216216,V-01,417.41,34.37,62.3,14346.38,76.99,93.01,1
2024-09-11 23:38:22.702702,V-01,372.24,31.02,59.9,11546.88,85.54,96.19,1
2024-09-12 23:39:49.189189,V-01,393.47,28.7,62.23,11292.59,84.02,90.44,1
2024-09-13 23:41:15.675675,V-01,372.43,18.75,63.06,6983.06,78.92,98.05,1
2024-09-14 23:42:42.162162,V-01,370.76,23.42,57.57,8683.2,74.15,98.6,1
2024-09-15 23:44:08.648648,V-01,384.92,35.47,63.66,13653.11,84.21,91.15,1
2024-09-16 23:45:35.135135,V-01,392.71,28.04,56.77,11011.59,88.24,91.64,1
2024-09-17 23:47:01.621621,V-01,355.59,29.93,56.61,10642.81,83.06,96.29,1
2024-09-18 23:48:28.108108,V-01,380.9,35.99,60.18,13708.59,60.26,94.73,1
2024-09-19 23:49:54.594594,V-01,356.79,24.1,60.59,8598.64,65.07,90.4,1
2024-09-20 23:51:21.081081,V-01,476.67,36.07,57.73,17193.49,73.39,97.12,1
2024-09-21 23:52:47.567567,V-01,382.61,33.92,60.57,12978.13,92.6,90.38,1
2024-09-22 23:54:14.054054,V-01,448.38,32.83,60.17,14720.32,73.61,90.8,1
2024-09-23 23:55:40.540540,V-01,410.8,26.49,60.02,10882.09,90.93,98.07,1
2024-09-24 23:57:07.027027,V-01,408.23,25.38,57.13,10360.88,53.62,93.19,1
2024-09-25 23:58:33.513513,V-01,421.38,28.71,63.05,12097.82,83.2,94.73,1
2024-09-27 00:00:00.000000,V-01,413.91,36.96,63.17,15298.11,79.79,96.58,1
